"idBioticoSuperficie";"idCampanha";"idSitio";"dataMedida";"horaMedida";"doc";"toc";"poc";"densidadeBacteria";"biomassaBacteria";"clorofilaA";"biomassaCarbonoTotalFito";"densidadeTotalFito";"biomassaZoo";"densidadeTotalZoo"
"1";"802";"8116";"2003-11-18";\N;\N;\N;\N;"11.95450019836426";"239.091003417969";\N;"19.121700286865234";"253";"1022.0800171";"591.1710205078125"
"2";"806";"8116";"2004-03-18";\N;"1.6298999786";\N;\N;"3.849299907684326";"76.9860000610352";"10.916700363";"5.067230224609375";"331";"21.140100479";"27.89200019836426"
"3";"809";"8116";"2004-07-14";\N;"2.2690000534";"2.6450800896";"0.3760829866";"3.736200094223022";"74.7239990234375";"6.3833298683";"94.60710144042969";"2041";"63.094600677";"173.8430023193359"
"4";"802";"8117";"2003-11-18";\N;\N;\N;\N;"6.438899993896484";"128.77799987793";\N;"243.60400390625";"4170";"190.53599548";"305.0190124511719"
"5";"806";"8117";"2004-03-18";\N;"1.5791000128";\N;\N;"2.507699966430664";"50.1539993286133";"4.8166699409";"5.591050148010254";"112";"248.78999329";"170.2870025634766"
"6";"809";"8117";"2004-07-14";\N;"3.0497999191";"3.0807900429";"0.0309916995";"2.636399984359741";"52.7280006408691";"4.2750000954";"35.055999755859375";"5087";"52.415100098";"53.08499908447266"
"7";"802";"8118";"2003-11-18";\N;\N;\N;\N;"6.080100059509277";"121.601997375488";\N;"89.99909973144531";"1759";"30.578899384";"115.1259994506836"
"8";"806";"8118";"2004-03-18";\N;"1.7178000212";\N;\N;"2.973750114440918";"59.4749984741211";"6.0916700363";"80.90370178222656";"5606";"156.75500488";"159.60400390625"
"9";"809";"8118";"2004-07-12";\N;"3.2191998959";"3.3952000141";"0.175999999";"3.408600091934204";"68.1719970703125";"10.425000191";"163.39700317382812";"6090";"26.432199478";"41.00099945068359"
"10";"802";"8119";"2003-11-18";\N;\N;\N;\N;"3.950700044631958";"79.0139999389648";\N;"250.20199584960938";"4263";"4.9509000778";"22.18400001525879"
"11";"806";"8119";"2004-03-18";\N;"1.3791999817";\N;\N;"2.757299900054932";"55.1459999084473";"5.3833298683";"180.0290069580078";"9118";"16.927499771";"77.49500274658203"
"12";"809";"8119";"2004-07-12";\N;"3.3218998909";"4.23416996";"0.9122670293";"2.416049957275391";"48.3209991455078";"9.4416704178";"339.6910095214844";"10965";"11.509300232";"34.35900115966797"
"13";"802";"8120";"2003-11-18";\N;\N;\N;\N;"5.042699813842773";"100.853996276855";\N;"86.71880340576172";"1571";\N;\N
"14";"806";"8120";"2004-03-18";\N;"0.8019000292";\N;\N;"3.946799993515015";"78.9359970092773";"5.3666701317";"62.220298767089844";"474";"9.6682100296";"5.599999904632568"
"15";"809";"8120";"2004-07-12";\N;"3.0339000225";"4.7212100029";"1.6873099804";"3.201900005340576";"64.0380020141602";"1.7416700125";"126.79100036621094";"1967";"50.436901093";"50.66799926757812"
"16";"802";"8121";"2003-11-18";\N;\N;\N;\N;"16.39949989318848";"327.989990234375";\N;"41.132198333740234";"932";"327.82199097";"324.7619934082031"
"17";"806";"8121";"2004-03-18";\N;\N;\N;\N;"5.647200107574463";"112.944000244141";"0";"83.04340362548828";"2441";"31.294099808";"30.71500015258789"
"18";"809";"8121";"2004-07-14";\N;"2.9988000393";"4.5783700943";"1.579570055";"4.457699775695801";"89.1539993286133";"8.0333299637";"43.415000915527344";"10916";"126.34600067";"142.3880004882812"
"19";"802";"8122";"2003-11-18";\N;\N;\N;\N;"1.446900010108948";"28.9379997253418";"0.400000006";"135.42799377441406";"2091";"22.37100029";"29.70800018310547"
"20";"806";"8122";"2004-03-18";\N;"2.4398999214";\N;\N;"3.006900072097778";"60.1380004882812";"9.8000001907";"235.2519989013672";"7404";\N;\N
"21";"809";"8122";"2004-07-12";\N;"2.6535999775";"2.7729001045";"0.1193000004";"2.38289999961853";"47.6580009460449";"5.5333299637";"26.40399932861328";"6405";"23.682500839";"29.66900062561035"
"22";"1002";"10079";"2003-11-25";\N;\N;\N;\N;"2.131350040435791";"42.6269989013672";\N;"9.9339599609375";"551.0700073242188";"0.8189299703";"3.499000072479248"
"23";"1006";"10079";"2004-03-25";\N;"2.4832000732";\N;\N;"5.24940013885498";"104.987998962402";"10.590000153";"93.0886001586914";"9815.6396484375";"125.66000366";"205.5160064697266"
"24";"1009";"10079";"2004-07-19";\N;"1.8576999903";"2.3906800747";"0.532975018";"1.946099996566772";"38.9220008850098";"8.1833295822";"25.460899353027344";"4309.52001953125";"269.82901001";"141.2270050048828"
"25";"1002";"10080";"2003-11-25";\N;"0";\N;\N;"1.834949970245361";"36.6990013122559";\N;"344.4410095214844";"7988.7998046875";"94.149299622";"41.51399993896484"
"26";"1006";"10080";"2004-03-25";\N;"2.3420000076";\N;\N;"3.960449934005737";"79.2089996337891";"2.166670084";"416.4530029296875";"6631.68017578125";"259.06100464";"163.6130065917969"
"27";"1009";"10080";"2004-07-19";\N;"1.8398000002";"2.3273000717";"0.4875000119";"2.568150043487549";"51.3629989624023";"9.2100000381";"1079.3599853515625";"10380.7998046875";"280.55599976";"153.3679962158203"
"28";"1002";"10081";"2003-11-25";\N;\N;\N;\N;"2.047499895095825";"40.9500007629395";\N;"661.5239868164062";"6579";"52.033798218";"21.32600021362305"
"29";"1006";"10081";"2004-03-25";\N;"1.9356000423";\N;\N;"3.406650066375732";"68.1330032348633";"4.6083297729";"280.7460021972656";"4389.72021484375";"179.60400391";"71.4219970703125"
"30";"1009";"10081";"2004-07-19";\N;"2.1038000584";"2.2578299046";"0.1540330052";"2.640300035476685";"52.8059997558594";"10.733300209";"238.73300170898438";"4295.52001953125";"206.1000061";"92.13099670410156"
"31";"1002";"10082";"2003-11-25";\N;\N;\N;\N;"3.077100038528442";"61.5419998168945";\N;"448.1570129394531";"5821.56005859375";"78.951896667";"53.20500183105469"
"32";"1006";"10082";"2004-03-25";\N;"1.6353000402";\N;\N;"3.722549915313721";"74.4509963989258";"2.6749999523";"66.56120300292969";"3730.320068359375";"139.57600403";"55.00799942016602"
"33";"1009";"10082";"2004-07-20";\N;"2.1080000401";"5.8286299706";"3.7206199169";"3.788850069046021";"75.7770004272461";"8.125";"8.071020126342773";"320.2799987792969";"73.489196777";"34.91799926757812"
"34";"1002";"10083";"2003-11-25";\N;\N;\N;\N;"2.180099964141846";"43.6020011901855";\N;"517.0659790039062";"8534.51953125";\N;\N
"35";"1006";"10083";"2004-03-25";\N;"1.7086999416";\N;\N;"3.75570011138916";"76.4010009765625";\N;"55.819698333740234";"2077.5";"96.603103638";"33.01200103759766"
"36";"1009";"10083";"2004-07-22";\N;"2.054199934";"2.0590500832";"0.0048500001";"3.781049966812134";"72.6569976806641";"5.5416698456";"357.43499755859375";"3490.110107421875";\N;\N
"37";"1002";"10084";"2003-11-25";\N;\N;\N;\N;"1.749150037765503";"34.9830017089844";\N;"1224.52001953125";"8385.900390625";"74.005500793";"28.52000045776367"
"38";"1006";"10084";"2004-03-25";\N;"1.6941000223";\N;\N;"3.299400091171265";"48.0089988708496";"3.541670084";"122.33000183105469";"4465.080078125";"121.76399994";"53.48099899291992"
"39";"1009";"10084";"2004-07-19";\N;\N;\N;\N;"2.531100034713745";"78.0390014648438";"11.699999809";"501.7250061035156";"5595.47998046875";"73.253898621";"36.2760009765625"
"40";"1002";"10085";"2003-11-25";\N;\N;\N;\N;"1.66919994354248";"33.3839988708496";\N;"909.3809814453125";"6851.919921875";"107.06500244";"38.53799819946289"
"41";"1006";"10085";"2004-03-25";\N;"1.7187999487";\N;\N;"3.172650098800659";"50.8170013427734";"6.2750000954";"298.4649963378906";"2331.449951171875";"245.55700684";"113.0619964599609"
"42";"1009";"10085";"2004-07-19";\N;"2.5236999989";"3.0983800888";"0.5746750236";"3.301350116729736";"87.2819976806641";"14.550000191";"379.9570007324219";"4719.419921875";\N;\N
"43";"1002";"10086";"2003-11-25";\N;\N;\N;\N;"2.119649887084961";"42.3930015563965";\N;"10.68970012664795";"763.02001953125";\N;\N
"44";"1006";"10086";"2004-03-25";\N;"1.0892000198";\N;\N;"3.861000061035156";"56.0040016174316";"9.1999998093";"4.154170036315918";"522.8099975585938";"0.0559418015";"1.503999948501587"
"45";"1009";"10086";"2004-07-22";\N;"1.0418000221";"4.062620163";"3.0208199024";"2.677350044250488";"78.9359970092773";"2.9333300591";"193.17100524902344";"1045.6199951171875";"1.3132200241";"1.455999970436096"
"46";"1002";"10087";"2003-11-25";\N;\N;\N;\N;"2.238600015640259";"44.7719993591309";\N;"621.2449951171875";"4493.740234375";"266.32199097";"97.3479995727539"
"47";"1006";"10087";"2004-03-25";\N;"1.6988999844";\N;\N;"3.119999885559082";"75.1139984130859";"2.2333300114";"35.11140060424805";"664.1099853515625";"0.5381010175";"1.965999960899353"
"48";"1009";"10087";"2004-07-22";\N;"1.9308999777";"2.190500021";"0.2596000135";"2.275650024414062";"75.6210021972656";"7.3083300591";"186.63099670410156";"5213.97021484375";"49.358200073";"21.92799949645996"
"49";"1002";"10088";"2003-11-25";\N;\N;\N;\N;"3.580199956893921";"71.6039962768555";\N;"2.6732499599456787";"861.9299926757812";"15.377599716";"12.7790002822876"
"50";"1006";"10088";"2004-03-25";\N;"0.8112999797";\N;\N;"3.564599990844727";"65.9879989624023";"1.6666699648";"5.711750030517578";"1271.699951171875";"4.2967000008";"3.364000082015991"
"51";"1009";"10088";"2004-07-20";\N;"1.3105000257";"5.3053998947";"3.9948999882";"2.698800086975098";"50.6220016479492";"1.4166699648";"7.727449893951416";"4295.52001953125";"1.0997899771";"1.228000044822693"
"52";"1002";"10089";"2003-11-25";\N;\N;\N;\N;"1.678949952125549";"33.5789985656738";\N;"164.29800415039062";"4140.56982421875";"29.696699142";"29.51499938964844"
"53";"1006";"10089";"2004-03-25";\N;"1.6241999865";\N;\N;"3.730350017547607";"63.4529991149902";"5.4833297729";"405.54400634765625";"3645.5400390625";"43.914600372";"27.12899971008301"
"54";"1009";"10089";"2004-07-20";\N;"1.2951999903";"1.91474998";"0.6195499897";"2.191800117492676";"66.0270004272461";"7.0999999046";"92.57440185546875";"6044.97021484375";"40.748100281";"18.82299995422363"
"55";"1002";"10090";"2003-11-25";\N;\N;\N;\N;"2.747550010681152";"54.951000213623";\N;"1023.4099731445312";"6279.7998046875";"141.71099854";"53.01900100708008"
"56";"1006";"10090";"2004-03-25";\N;"1.5232000351";\N;\N;"3.997499942779541";"77.2200012207031";"1.7666699886";"113.98600006103516";"3702.06005859375";"72.656402588";"27.67700004577637"
"57";"1009";"10090";"2004-07-20";\N;"1.9773000479";"2.6223199368";"0.6450250149";"1.983150005340576";"53.5470008850098";"7.0250000954";"111.78700256347656";"4436.81982421875";"107.03199768";"36.95700073242188"
"58";"1002";"10091";"2003-11-25";\N;\N;\N;\N;"2.129400014877319";"42.5880012512207";\N;"629.5590209960938";"4886.16015625";"191.75300598";"65.7699966430664"
"59";"1006";"10091";"2004-03-25";\N;"1.3993999958";\N;\N;"3.732300043106079";"62.4000015258789";"2.208329916";"89.85289764404297";"2684.699951171875";"95.286201477";"33.90000152587891"
"60";"1009";"10091";"2004-07-22";\N;"2.0467000008";"2.5927898884";"0.5460919738";"2.632499933242798";"45.5130004882812";"6.875";"400.1080017089844";"4055.31005859375";"68.846199036";"30.89599990844727"
"61";"1202";"12135";"2004-11-21";\N;"1.5650999546";"1.589599967";"0.0244999994";"1.220000028610229";"9.2362003326416";"737";"1.200410008430481";"2.568000078201294";"1.2004100084";"2.568000078201294"
"62";"1205";"12135";"2005-03-19";\N;"2.9302000999";"2.9521000385";"0.0219000001";"0.589999973773956";"9.33180999755859";"6273";"61.42829895019531";"23.545499801635742";"61.42829895";"23.54549980163574"
"63";"1208";"12135";"2005-08-28";\N;"1.371999979";"1.8459999561";"0.4740000069";"3.210000038146973";"38.6417999267578";"1151";"168.5260009765625";"68.82499694824219";"168.52600098";"68.82499694824219"
"64";"1202";"12136";"2004-11-20";\N;"0.7949000001";"0.8152999878";"0.0204000007";"3.019999980926514";"51.6566009521484";"2825";"40.42300033569336";"14.04699993133545";"40.423000336";"14.04699993133545"
"65";"1205";"12136";"2005-03-18";\N;"0.9835000038";"1.4493000507";"0.4657999873";"3.160000085830688";"53.9747009277344";"4839";"224.8000030517578";"59.49800109863281";"224.80000305";"59.49800109863281"
"66";"1208";"12136";"2005-08-25";\N;"1.1173000336";"1.9580999613";"0.8407999873";"3.244999885559082";"36.4011001586914";"2845";"103.25800323486328";"23.1299991607666";"103.25800323";"23.1299991607666"
"67";"1202";"12137";"2004-11-20";\N;"1.0236999989";"1.5825999975";"0.5588999987";"3.414999961853027";"87.5012969970703";"5791";\N;\N;\N;\N
"68";"1205";"12137";"2005-03-18";\N;"1.3042999506";"1.3266999722";"0.0223999992";"3.730000019073486";"110.122001647949";"5368";"308.45599365234375";"101.97100067138672";"308.45599365";"101.9710006713867"
"69";"1208";"12137";"2005-08-25";\N;"0.9648000002";"1.3331999779";"0.3684000075";"3.950000047683716";"17.1376991271973";"2057";"102.24299621582031";"45.59429931640625";"102.24299622";"45.59429931640625"
"70";"1202";"12138";"2004-11-20";\N;"2.660200119";"2.7404000759";"0.0802000016";"3.490000009536743";"99.3767013549805";"1849";"1107.1500244140625";"339.3320007324219";"1107.1500244";"339.3320007324219"
"71";"1205";"12138";"2005-03-20";\N;"1.6450999975";"1.7358000278";"0.0907000005";"3.289999961853027";"16.035400390625";"1520";"289.6419982910156";"138.8699951171875";"289.64199829";"138.8699951171875"
"72";"1208";"12138";"2005-08-27";\N;"0.834800005";"1.8772000074";"1.0424000025";"3.089999914169312";"19.5268001556396";"1432";\N;\N;\N;\N
"73";"1202";"12139";"2004-11-20";\N;"0.8957999945";"0.9517999887";"0.0560000017";"3.684999942779541";"114.501998901367";"4885";"3.6330599784851074";"1.6100000143051147";"3.6330599785";"1.610000014305115"
"74";"1205";"12139";"2005-03-19";\N;"1.2756999731";"1.287700057";"0.0120000001";"3.259999990463257";"205.429000854492";"3242";"115.75700378417969";"60.03200149536133";"115.75700378";"60.03200149536133"
"75";"1208";"12139";"2005-08-27";\N;"0.8519999981";"1.045699954";"0.1937000006";"3.434999942779541";"52.1627998352051";"4012";"271.86700439453125";"73.63700103759766";"271.86700439";"73.63700103759766"
"76";"1202";"12140";"2004-11-20";\N;"1.0691000223";"1.1762000322";"0.1071000025";"2.859999895095825";"20.3358001708984";"676";"7.2446699142456055";"24.264299392700195";"7.2446699142";"24.2642993927002"
"77";"1205";"12140";"2005-03-19";\N;"1.358899951";"1.4084999561";"0.0496000014";"5.010000228881836";"245.658004760742";"3429";"110.4749984741211";"63.56330108642578";"110.47499847";"63.56330108642578"
"78";"1208";"12140";"2005-08-27";\N;"0.8737000227";"1.5292999744";"0.6556000113";"3.634999990463257";"36.5690994262695";"3714";"467.6099853515625";"204.68499755859375";"467.60998535";"204.6849975585938"
"79";"1202";"12141";"2004-11-20";\N;"3.521600008";"4.6810002327";"1.1593999863";"3.625";"8.02579975128174";"717";"1.0584800243377686";"8.003999710083008";"1.0584800243";"8.003999710083008"
"80";"1205";"12141";"2005-03-19";\N;"2.355700016";"5.5223999023";"3.1666998863";\N;"3.70949006080627";"113";"6.570310115814209";"8.054699897766113";"6.5703101158";"8.054699897766113"
"81";"1208";"12141";"2005-08-27";\N;"1.0480999947";"1.1352000237";"0.0870999992";"9.585000038146973";"39.0413017272949";"2037";"76.95899963378906";"55.2760009765625";"76.958999634";"55.2760009765625"
"82";"1202";"12142";"2004-11-20";\N;"1.42900002";"1.5017999411";"0.072800003";"3.640000104904175";"11.0790996551514";"1609";"1.4920099973678589";"9.041000366210938";"1.4920099974";"9.041000366210938"
"83";"1205";"12142";"2005-03-19";\N;"1.348099947";"1.7726999521";"0.4246000051";"3.710000038146973";"68.5165023803711";"716";"4.770249843597412";"4.769999980926514";"4.7702498436";"4.769999980926514"
"84";"1208";"12142";"2005-08-26";\N;"0.8478000164";"0.9108999968";"0.0631000027";"5.329999923706055";"13.2941999435425";"1320";"24.161699295043945";"6.546000003814697";"24.161699295";"6.546000003814697"
"85";"1202";"12143";"2004-11-20";\N;"1.2286000252";"1.451300025";"0.2226999998";"2.559999942779541";"12.4207000732422";"719";"0.5427079796791077";"0.8069999814033508";"0.5427079797";"0.806999981403351"
"86";"1205";"12143";"2005-03-19";\N;"1.2673000097";"2.4907000065";"1.2233999968";"2.839999914169312";\N;\N;"4.0795698165893555";"2.052000045776367";"4.0795698166";"2.052000045776367"
"87";"1208";"12143";"2005-08-26";\N;"0.7473999858";"0.8614000082";"0.1140000001";"2.789999961853027";"15.9047002792358";"1412";"35.10279846191406";"9.923999786376953";"35.102798462";"9.923999786376953"
"88";"1205";"12146";"2005-03-20";\N;"1.0029000044";"1.2681000233";"0.2651999891";\N;\N;\N;"83.35089874267578";"42.26300048828125";"83.350898743";"42.26300048828125"
"89";"1208";"12146";"2005-08-25";\N;"0.7236999869";"0.7501999736";"0.0264999997";"3.720000028610229";"23.0475006103516";"1904";"28.902999877929688";"14.40999984741211";"28.902999878";"14.40999984741211"
"90";"1205";"12148";"2005-03-19";\N;"1.1100000143";"1.2695000172";"0.1595000029";"3.619999885559082";"377.105010986328";"14355";"99.65409851074219";"37.73500061035156";"99.654098511";"37.73500061035156"
"91";"1208";"12148";"2005-08-26";\N;"0.8061000109";"0.9552999735";"0.1492000073";"2.910000085830688";"41.6509017944336";"2000";"16.118900299072266";"12.430000305175781";"16.118900299";"12.43000030517578"
"92";"1306";"13060";"2005-03-15";\N;"1.7700999975";"3.0251998901";"1.2551000118";"0.758953988552094";"15.1791000366211";"3.9900000095";\N;\N;\N;\N
"93";"1310";"13060";"2005-08-24";\N;"1.0381000042";"1.1969000101";"0.1588000059";"1.012150049209595";"20.2430000305176";"4.4400000572";"28.15489959716797";"2401.080078125";"54.081699371";"48.12200164794922"
"94";"1302";"13099";"2004-11-16";\N;"3.1180999279";"3.1649999619";"0.0469000004";"2.096250057220459";"41.9249992370605";"4.1449999809";"3.2091898918151855";"255.74000549316406";"1.1827199459";"2.198999881744385"
"95";"1306";"13099";"2005-03-15";\N;"1.6984000206";"2.0873999596";"0.3889999986";"0.63426399230957";"12.6852998733521";"3.5499999523";"5.17641019821167";"157";"0.451575011";"0.796999990940094"
"96";"1310";"13099";"2005-08-23";\N;"1.9893000126";"2.4714000225";"0.4821000099";"1.032510042190552";"20.6501998901367";"4.1750001907";"4.581639766693115";"268.4700012207031";"0.5718920231";"0.617999970912933"
"97";"1302";"13100";"2004-11-16";\N;"2.4444000721";"2.4730000496";"0.0285999998";"3.564599990844727";"71.2919998168945";"4.2849998474";"6.359449863433838";"282.5400085449219";"42.748901367";"17.89500045776367"
"98";"1306";"13100";"2005-03-17";\N;"1.5857000351";"2.2683999538";"0.6826999784";"0.774222016334534";"15.4843997955322";"2.8699998856";"163.14199829101562";"926.5999755859375";"16.478599548";"7.196000099182129"
"99";"1310";"13100";"2005-08-23";\N;"1.0285999775";"1.1155999899";"0.0869999975";"0.578917026519775";"11.5783004760742";"3.3099999428";"5.284520149230957";"520.4500122070312";"115.44200134";"148.6970062255859"
"100";"1302";"13101";"2004-11-17";\N;"1.4306000471";"1.4412000179";"0.0105999997";"2.043600082397461";"40.8720016479492";"4.8649997711";"35.76599884033203";"266.8999938964844";"367.82400513";"66.73699951171875"
"101";"1306";"13101";"2005-03-15";\N;"1.7508000135";"1.8389999866";"0.0882000029";"0.697245001792908";"13.944899559021";"3.8949999809";"19.2367000579834";"269.92999267578125";"132.27000427";"57.39899826049805"
"102";"1310";"13101";"2005-08-22";\N;\N;\N;\N;"0.704243004322052";"14.0848999023438";"4.5399999619";"34.4818000793457";"1633";"5.7832398415";"4.408999919891357"
"103";"1302";"13102";"2004-11-17";\N;"1.7015000582";"1.7454999685";"0.0439999998";"2.018249988555908";"40.3650016784668";"4.0799999237";"4.778669834136963";"522.8099975585938";"301.07299805";"68.60130310058594"
"104";"1306";"13102";"2005-03-15";\N;"1.5160000324";"1.6819000244";"0.1659000069";"0.668617010116577";"13.3723001480103";"4.6300001144";"0.05449780076742172";"28.260000228881836";"148.82000732";"55.99300003051758"
"105";"1310";"13102";"2005-08-22";\N;"1.0576000214";"1.1126999855";"0.0551000014";"0.837839007377625";"16.756799697876";"4.1900000572";"26.102500915527344";"1617.0999755859375";"19.044599533";"10.39799976348877"
"106";"1302";"13103";"2004-11-18";\N;"1.4060000181";"1.6583000422";"0.2522999942";"1.805699944496155";"36.1139984130859";"7.6350002289";"37.15850067138672";"3494.449951171875";"379.65100098";"147.1909942626953"
"107";"1306";"13103";"2005-03-15";\N;"1.2618000507";"1.5406999588";"0.2788999975";"0.509573996067047";"10.191499710083";"3.0199999809";"2.9295899868011475";"143";"210.45199585";"96.78299713134766"
"108";"1310";"13103";"2005-08-22";\N;"1.1710000038";"1.4977999926";"0.3267999887";"0.719510972499847";"14.3901996612549";"3.625";"25.842100143432617";"1211.4000244140625";"11.89470005";"5.489999771118164"
"109";"1302";"13104";"2004-11-17";\N;"1.3937000036";"1.4334000349";"0.0397000015";"1.433249950408936";"28.6650009155273";"4.3899998665";"87.95559692382812";"3899.8798828125";"37.4333992";"10.77600002288818"
"110";"1306";"13104";"2005-03-17";\N;"1.5353000164";"1.6686999798";"0.1333999932";"0.660983026027679";"13.2196998596191";"3.7000000477";"7.192910194396973";"152.10000610351562";"15.18710041";"5.892499923706055"
"111";"1310";"13104";"2005-08-24";\N;\N;\N;\N;"0.980341970920563";"19.6068000793457";"3.6199998856";"6.765289783477783";"551.0700073242188";"41.624401093";"20.86700057983398"
"112";"1302";"13105";"2004-11-18";\N;"3.2237999439";"3.3285999298";"0.1048000008";"2.256150007247925";"45.1230010986328";"5.7550001144";"6.657320022583008";"1794.510009765625";"177.53300476";"83.589599609375"
"113";"1306";"13105";"2005-03-14";\N;"1.2825000286";"1.9944000244";"0.7118999958";"0.685158014297485";"13.703200340271";"2.9200000763";"11.918600082397461";"244.02000427246094";"7.3950400352";"4.241899967193604"
"114";"1302";"13106";"2004-11-18";\N;\N;\N;\N;"1.589249968528748";"31.7849998474121";"3.5250000954";"1.2316900491714478";"134.22000122070312";"16.099599838";"17.17799949645996"
"115";"1306";"13106";"2005-03-14";\N;"1.2213000059";"1.7947000265";"0.5734000206";"0.844837009906769";"16.8966999053955";"3.1199998856";"0.7058680057525635";"366.0299987792969";"195.43600464";"41.55400085449219"
"116";"1302";"13107";"2004-11-17";\N;"1.8035999537";"4.2941999435";"2.4906001091";"2.802150011062622";"56.0429992675781";"2.9400000572";\N;\N;"0.4892199934";"2.703799962997437"
"117";"1306";"13107";"2005-03-14";\N;"1.2624000311";"1.7991000414";"0.5367000103";"0.697245001792908";"13.944899559021";"3.0099999905";"3.1240100860595703";"381.510009765625";"61.242401123";"18.77400016784668"
"118";"1310";"13107";"2005-08-23";\N;"1.3294999599";"1.4763000011";"0.1467999965";\N;\N;"3.4249999523";"34.81909942626953";"1059.75";"826.2199707";"181.3789978027344"
"119";"1302";"13108";"2004-11-16";\N;"2.3410000801";"2.3422000408";"0.0012000001";"2.002650022506714";"40.0530014038086";"4.6900000572";"12.280799865722656";"720.6300048828125";"256.51000977";"85.22640228271484"
"120";"1306";"13108";"2005-03-14";\N;"1.4031000137";"1.5003999472";"0.0973000005";"0.759590029716492";"15.1918001174927";"3.5899999142";"18.882200241088867";"706.8499755859375";"58.506401062";"19.62899971008301"
"121";"1310";"13108";"2005-08-23";\N;"0.9603999853";"1.1144000292";"0.1539999992";"0.900183975696564";"18.0037002563477";"3.2300000191";"19.160400390625";"1554.300048828125";"188.76499939";"118.4560012817383"
"122";"1302";"13109";"2004-11-18";\N;"4.353099823";"9.8374996185";"5.4843997955";"1.686750054359436";"33.7350006103516";\N;"2.356489896774292";"546.8099975585938";\N;\N
"123";"1306";"13109";"2005-03-15";\N;"1.6008000374";"2.4642999172";"0.863499999";"0.844201028347015";"16.8840007781982";"3.75";"5.02200984954834";"198.83999633789062";"2.6180698872";"2.020600080490112"
"124";"1302";"13110";"2004-11-18";\N;"2.0908000469";"2.1296999454";"0.0388999991";\N;\N;"5";\N;\N;\N;\N
"125";"1306";"13110";"2005-03-15";\N;"1.3730000257";"1.4701000452";"0.0970999971";"0.695972979068756";"13.9195003509521";"3.7850000858";"29.298900604248047";"914.4600219726562";"449.20901489";"185.2740020751953"
"126";"1310";"13110";"2005-08-22";\N;"0.8555999994";"1.0658999681";"0.2102999985";"0.946624994277954";"18.9325008392334";"3.3550000191";"26.189199447631836";"758.3699951171875";"8.087100029";"5.473000049591064"
"127";"1306";"13115";"2005-03-15";\N;"1.6852999926";"2.3787999153";"0.6934999824";"0.621541023254395";"12.4308004379272";"3.9500000477";"6.891940116882324";"122.01000213623047";"0.2771140039";"2.015000104904175"
"128";"1310";"13115";"2005-08-23";\N;\N;"3.8231999874";\N;"0.97716099023819";"19.5431995391846";"3.7200000286";"10.853300094604492";"357.9200134277344";"0.8789470196";"2.45799994468689"
"129";"1306";"13116";"2005-03-15";\N;"1.8427000046";"2.3761999607";"0.5335000157";"0.651440978050232";"13.0288000106812";"2.7100000381";"0.35951000452041626";"47.099998474121094";"1.5586899519";"1.781999945640564"
"130";"1310";"13116";"2005-08-23";\N;"1.1717000008";"1.8427000046";"0.6710000038";"0.795216023921967";"15.9042997360229";"5.0050001144";"21.311199188232422";"1116.27001953125";"54.179199219";"253.822998046875"
"131";"1402";"14076";"2005-11-18";"18:30:00";"1.1715999842";"1.1763999462";\N;"0.329028010368347";"6.58057022094727";\N;"266.8699951171875";"8793.400390625";"47.684501648";"10.34029960632324"
"132";"1405";"14076";"2006-04-10";"08:32:00";"1.379799962";"1.7705999613";\N;"0.408423006534576";"8.16845989227295";"4.2884402275";"4.603059768676758";"138.60000610351562";"32.881900787";"9.931280136108398"
"133";"1408";"14076";"2006-08-09";"12:02:00";"1.238499999";"1.350200057";\N;"0.118073999881744";"2.36146998405457";"2.6900000572";"14.00469970703125";"593.4600219726562";"47.678798676";"12.40709972381592"
"134";"1402";"14077";"2005-11-18";"15:30:00";"1.2906999588";"1.8729000092";\N;"0.30765300989151";"6.15305995941162";\N;"277.239990234375";"3572.800048828125";"0.2559100091";"0.598710000514984"
"135";"1405";"14077";"2006-04-10";"08:55:00";"2.0743000507";"2.6315999031";\N;"0.411603987216949";"8.23206996917725";"4.3218398094";"10.55620002746582";"161.6999969482422";"32.85559845";"11.60060024261475"
"136";"1408";"14077";"2006-08-09";"12:32:00";"1.3601000309";"1.4176000357";\N;"0.119599997997284";"2.392009973526";"1.6599999666";"5.6357598304748535";"320.2799987792969";"33.283699036";"7.797520160675049"
"137";"1402";"14078";"2005-11-18";"17:45:00";"1.1512999535";"1.254799962";\N;"0.244289994239807";"4.88579988479614";\N;"19.38330078125";"1547.699951171875";"95.340698242";"17.68860054016113"
"138";"1405";"14078";"2006-04-10";"09:10:00";"1.5263999701";"1.5822000504";\N;"0.487944006919861";"9.75889015197754";"5.1234102249";"9.371789932250977";"356";"122.15699768";"28.67830085754395"
"139";"1408";"14078";"2006-08-09";"13:28:00";"0.9520999789";"1.0815999508";\N;"0.126726001501083";"2.53450989723206";"0.5450000167";"0.10364899784326553";"18.84000015258789";"74.133399963";"17.27179908752441"
"140";"1402";"14079";"2005-11-18";"17:30:00";"1.1311000586";"1.2220000029";\N;"0.339971005916595";"6.79940986633301";\N;"18.89739990234375";"1278.199951171875";"208.68099976";"44.90999984741211"
"141";"1405";"14079";"2006-04-10";"09:27:00";"1.5927000046";"1.8830000162";\N;"0.206755995750427";"4.13511991500854";"2.1709399223";"3.734829902648926";"201.60000610351562";"4.6697697639";"0.684764981269836"
"142";"1408";"14079";"2006-08-09";"14:00:00";"1.4624999762";"1.9077999592";\N;"0.093135699629784";"1.86270999908447";"2.6349999905";"6.8571600914001465";"386.2200012207031";"64.125";"15.54740047454834"
"143";"1402";"14080";"2005-11-18";"19:25:00";"1.7156000137";"2.1974999905";\N;"0.466441988945007";"9.32882976531982";\N;"0.9221810102462769";"84.69999694824219";"0.8819190264";"2.572499990463257"
"144";"1405";"14080";"2006-04-08";"17:36:00";"0.7419999838";"1.0019999743";\N;"0.242382004857063";"4.8476300239563";"2.5450100899";"2.867609977722168";"23.100000381469727";"30.327400208";"8.153849601745605"
"145";"1408";"14080";"2006-08-09";"12:20:00";"0.9150000215";"1.8842999935";\N;"0.160315006971359";"3.20631003379822";"0.9549999833";"2.2176499366760254";"56.52000045776367";"5.2871899605";"3.041670083999634"
"146";"1402";"14081";"2005-11-18";"18:20:00";"2.9087998867";"4.5283999443";\N;"0.359564989805222";"7.1912899017334";\N;"14.467100143432617";"652.1900024414062";"7.4429497719";"5.777999877929688"
"147";"1405";"14081";"2006-04-08";"19:00:00";"0.8921999931";"1.1383999586";\N;"0.239837005734444";"4.79674005508423";"2.5182900429";"0.45483800768852234";"53.900001525878906";"3.0339798927";"3.5"
"148";"1408";"14081";"2006-08-09";"13:20:00";"1.6361000538";"2.1749999523";\N;"0.091863296926022";"1.8372700214386";"2.6199998856";"1.3025799989700317";"103.62000274658203";"0.5593029857";"2.041670083999634"
"149";"1402";"14082";"2005-11-18";"16:20:00";"1.2301000357";"1.3033000231";\N;"0.371270000934601";"7.42540979385376";\N;"27.908899307250977";"1632.4000244140625";"102.10199738";"22.65500068664551"
"150";"1405";"14082";"2006-04-08";"15:30:00";"1.2657999992";"1.4931999445";\N;"0.397608011960983";"7.9521598815918";"4.1748800278";"22.223600387573242";"485.1000061035156";"235.13200378";"71.26419830322266"
"151";"1408";"14082";"2006-08-10";"13:30:00";"1.7170000076";"1.9244999886";\N;"0.137159004807472";"2.7431800365448";"2.6849999428";"8.030130386352539";"301.44000244140625";"85.128196716";"21.31719970703125"
"152";"1402";"14083";"2005-11-18";"16:00:00";"1.0491000414";"1.277099967";\N;"0.394427001476288";"7.88853979110718";\N;"12.545499801635742";"415.79998779296875";"335.52999878";"70.00050354003906"
"153";"1405";"14083";"2006-04-10";"11:50:00";"2.035200119";"2.5629999638";\N;"0.524205982685089";"10.4841003417969";"5.5041599274";"12.545499801635742";"415.79998779296875";"81.336196899";"28.21319961547852"
"154";"1408";"14083";"2006-08-10";"14:20:00";"1.7690999508";"2.8168001175";\N;"0.135122999548912";"2.70246005058289";"3.3299999237";"3.74849009513855";"207.24000549316406";"26.193500519";"8.919790267944336"
"155";"1402";"14084";"2005-11-18";"11:00:00";"1.2052999735";"1.2216000557";\N;"0.519879996776581";"10.3976001739502";\N;"6.581989765167236";"400.3999938964844";\N;\N
"156";"1405";"14084";"2006-04-08";"12:00:00";"1.075799942";"1.1886999607";\N;"0.29263898730278";"5.85278987884521";"3.0727100372";"4.6631598472595215";"84.69999694824219";"19.091499329";"11.26920032501221"
"157";"1408";"14084";"2006-08-09";"16:40:00";"1.2718000412";"1.3522000313";\N;"0.252178996801376";"5.04358005523682";"2.7599999905";"6.027450084686279";"169.55999755859375";"38.15240097";"9.916669845581055"
"158";"1502";"15161";"2005-11-22";"12:00:00";"3.78489995";"4.3102002144";\N;"0.567974984645844";"11.3594999313354";\N;"42.13800048828125";"660";"0.7383090258";"6.861999988555908"
"159";"1505";"15161";"2006-04-04";"14:20:00";"1.4071999788";"1.7720999718";\N;"0.418601989746094";"8.37203025817871";"4.1950001717";"2.568819999694824";"224";"5.0382399559";"4.871250152587891"
"160";"1508";"15161";"2006-08-02";"13:50:00";"1.2929999828";"1.5801000595";\N;"0.186270996928215";"3.72543001174927";"4.0949997902";"24.3080997467041";"793";"0.1310970038";"3.616669893264771"
"161";"1502";"15162";"2005-11-22";"11:28:00";"2.8081998825";"3.6809999943";\N;"0.545581996440887";"10.911600112915";"2.6600000858";"40.61240005493164";"9933";"0.375921011";"1.039999961853027"
"162";"1505";"15162";"2006-04-04";"15:45:00";"1.8629000187";"2.331099987";\N;"0.460588991641998";"9.21177959442139";"0.1000000015";"0.6876829862594604";"42";"1.6753100157";"7.205810070037842"
"163";"1508";"15162";"2006-08-02";"15:30:00";"5.4837999344";"6.0480999947";\N;"0.322921007871628";"6.45841979980469";"4.1050000191";"16.80419921875";"2150";"0.3594749868";"5.729169845581055"
"164";"1502";"15163";"2005-11-22";"12:23:00";"2.1728999615";"2.4749000072";\N;"1.248679995536804";"24.9736003875732";"20.590000153";"390.947998046875";"6354";"4.3627800941";"11.52999973297119"
"165";"1505";"15163";"2006-04-04";"14:00:00";"2.0483000278";"2.3331999779";\N;"0.486036002635956";"9.7207202911377";"34.75";"264.68701171875";"7302";"19.8314991";"53.91669845581055"
"166";"1508";"15163";"2006-08-02";"11:20:00";"1.4557000399";"2.298500061";\N;"0.320122003555298";"6.40244007110596";"4.9299998283";"43.358299255371094";"1094";"30.789300919";"17.62409973144531"
"167";"1502";"15164";"2005-11-22";"16:20:00";"2.3506999016";"2.8800001144";\N;"0.527260005474091";"10.5452003479004";"2.5999999046";"171.51800537109375";"5332";"237.42599487";"155.6000061035156"
"168";"1505";"15164";"2006-04-04";"12:07:00";"1.7111999989";"1.920699954";\N;"0.37152498960495";"7.43049001693726";"3.1449999809";"45.46820068359375";"3712";"171.04100037";"69.83090209960938"
"169";"1508";"15164";"2006-08-02";"12:15:00";"1.6622999907";"2.4303998947";\N;"0.144029006361961";"2.88058996200562";"15.739999771";"426.3680114746094";"2575";"17.262399673";"127.5999984741211"
"170";"1502";"15165";"2005-11-23";"16:58:00";"2.1995999813";"2.5364999771";\N;"0.924995005130768";"18.4999008178711";"4.0250000954";"55.380001068115234";"958";"105.72100067";"60.09999847412109"
"171";"1505";"15165";"2006-04-02";"14:40:00";"1.9213000536";"2.1214001179";\N;"0.349258989095688";"6.98516988754272";"3.4249999523";"6.37529993057251";"1242";"6.0488200188";"25"
"172";"1502";"15166";"2005-11-23";"18:44:00";"2.0847001076";"3.0776998997";\N;"0.457534998655319";"9.150710105896";"3.3499999046";"11.019499778747559";"490";"3.8810698986";"3.589999914169312"
"173";"1505";"15166";"2006-04-02";"13:00:00";"3.3220000267";"4.6142997742";\N;"0.62090402841568";"12.4181003570557";"2.7400000095";"1.0605700016021729";"2657";"1.4556000233";"43.2963981628418"
"174";"1508";"15166";"2006-08-01";"07:00:00";"2.8385999203";"3.2033998966";\N;"0.182962998747826";"3.65926003456116";"4.0850000381";"25.043399810791016";"5481";"5.6048798561";"1746.800048828125"
"175";"1502";"15167";"2005-11-22";"13:23:00";"1.9570000172";"2.0797998905";\N;"0.933901011943817";"18.67799949646";"15.25";"589.8499755859375";"6029";"13.241000175";"12.79599952697754"
"176";"1505";"15167";"2006-04-04";"12:30:00";"1.6129000187";"1.7062000036";\N;"0.335263013839722";"6.70525979995728";"4.7550001144";"92.27320098876953";"4615";"69.082397461";"36.60469818115234"
"177";"1508";"15167";"2006-08-02";"10:15:00";"2.3457000256";"2.3845999241";\N;"0.177110001444817";"3.5422101020813";"6.0199999809";"295.8840026855469";"1714";"45.848499298";"21.35989952087402"
"178";"1502";"15168";"2005-11-22";"10:00:00";"1.9441000223";"2.6089999676";\N;"0.537438988685608";"10.74880027771";"2.5050001144";"17.393400192260742";"152";"0";"0"
"179";"1508";"15168";"2006-08-02";"11:00:00";"1.1267999411";"1.8387999535";\N;"0.198740005493164";"3.97480988502502";"2.5199999809";"0.038675300776958466";"94";"2.8937599659";"7.300000190734863"
"180";"1502";"15169";"2005-11-23";"19:00:00";"1.6747000217";"2.643599987";\N;"0.882243990898132";"17.6448993682861";"3.4849998951";"53.704898834228516";"2075";"594.51202393";"334.6199951171875"
"181";"1505";"15169";"2006-04-02";"12:41:00";"1.4562000036";"1.5938999653";\N;"0.418601989746094";"8.37203025817871";"5.0799999237";"3.0560600757598877";"564";"77.061401367";"43.42610168457031"
"182";"1508";"15169";"2006-07-31";"16:02:00";"1.7977000475";"1.9595999718";\N;"0.221134006977081";"4.42266988754272";"4.0949997902";"27.59630012512207";"623";"83.131797791";"59.19820022583008"
"183";"1502";"15170";"2005-11-23";"16:49:00";"2.0315001011";"2.0490999222";\N;"0.51351797580719";"10.2704000473022";"5.8499999046";\N;\N;"0";"0"
"184";"1505";"15170";"2006-04-04";"13:44:00";"1.5549000502";"1.5736999512";\N;"0.353076010942459";"7.06151008605957";"4.0399999619";"41.92720031738281";"2836";"161.56100464";"68.2699966430664"
"185";"1508";"15170";"2006-08-02";"12:55:00";"1.9944000244";"2.2444999218";\N;"0.162350997328758";"3.24702000617981";"4.1300001144";"136.77699279785156";"699";"29.471599579";"19.99469947814941"
"186";"1502";"15171";"2005-11-15";"16:19:00";"1.2403999567";"1.2618999481";\N;"0.278135001659393";"5.56268978118896";\N;"28.745500564575195";"1340";"71.910499573";"42.78120040893555"
"187";"1505";"15171";"2006-04-02";"13:47:00";"1.7093000412";"1.9176000357";\N;"0.305999010801315";"6.11997985839844";"3.1050000191";"48.655601501464844";"1650";"89.948196411";"50.46009826660156"
"188";"1508";"15171";"2006-07-31";"06:29:00";"1.3245999813";"1.4164999723";\N;"0.127743005752563";"2.55486989021301";"1.75";"370.5849914550781";"378";"39.057998657";"26.55620002746582"
"189";"1502";"15172";"2005-11-22";"17:40:00";"1.6082999706";"1.6941000223";\N;"0.481200993061066";"9.62401962280273";"3.8949999809";"69.04840087890625";"4486";"125.31400299";"80.19020080566406"
"190";"1505";"15172";"2006-04-04";"14:30:00";"1.4084999561";"1.4334000349";\N;"0.519116997718811";"10.3823003768921";"3.9449999332";"110.15699768066406";"2778";"124.52700043";"65.84480285644531"
"191";"1508";"15172";"2006-08-02";"15:50:00";"1.9458999634";"2.3194000721";\N;"0.15140900015831";"3.02817988395691";"3.8550000191";"46.419898986816406";"1564";"137.76400757";"72.9365005493164"
"192";"1502";"15173";"2005-11-21";"09:00:00";"3.1335999966";"3.1758000851";\N;"0.672052979469299";"13.4411001205444";"3.1300001144";"5.360720157623291";"340";"3.9757099152";"5.329999923706055"
"193";"1505";"15173";"2006-04-04";"18:45:00";"1.4845000505";"1.7333999872";\N;"0.478401988744736";"9.56803035736084";"3.6400001049";"44.4375";"2441";"164.70700073";"91.07140350341797"
"194";"1508";"15173";"2006-08-02";"17:30:00";"1.6805000305";"2.0596001148";\N;"0.173547998070717";"3.47095990180969";"3.3350000381";"3.754349946975708";"245";"6.3046398163";"14.88000011444092"
"195";"1502";"15174";"2005-11-15";"17:22:00";"1.5039000511";"1.5521999598";\N;"0.37992200255394";"7.59844017028809";\N;"11.3016996383667";"2224";"200.7440033";"72.8468017578125"
"196";"1505";"15174";"2006-04-02";"14:42:00";"1.268599987";"1.4072999954";\N;"0.353711992502213";"7.07424020767212";"3.9400000572";"72.81629943847656";"1792";"109.09200287";"47.8739013671875"
"197";"1508";"15174";"2006-07-31";"08:07:00";"1.565500021";"1.8115999699";\N;"0.126216992735863";"2.52432990074158";"2.8099999428";"31.750600814819336";"1225";"28.920999527";"12.08819961547852"
"198";"1502";"15175";"2005-11-16";"12:20:00";"1.2082999945";"3.1974000931";\N;"0.276353001594543";"5.52707004547119";\N;"7.75855016708374";"95";"0.2349029928";"1.394000053405762"
"199";"1505";"15175";"2006-04-02";"17:40:00";"0.959100008";"1.7201000452";\N;"0.400153011083603";"8.00304985046387";"2.625";"0.5503259897232056";"70";"6.7938899994";"4.724999904632568"
"200";"1508";"15175";"2006-08-01";"08:00:00";"1.2676999569";"1.4042999744";\N;"0.387555986642838";"7.75113010406494";"0.5450000167";"0.9493169784545898";"133";"2.3356800079";"7.927499771118164"
"201";"1502";"15176";"2005-11-15";"18:30:00";"1.4000999928";"1.6517000198";\N;"0.29442098736763";"5.88841009140015";\N;"355.4209899902344";"4391";"335.3789978";"255.2350006103516"
"202";"1505";"15176";"2006-04-02";"16:14:00";"1.4082000256";"3.26060009";\N;"0.468858987092972";"9.3771800994873";"3.7950000763";"281.5570068359375";"3499";"63.473999023";"46.07920074462891"
"203";"1508";"15176";"2006-07-31";"09:00:00";"1.652799964";"1.8674999475";\N;"0.442267000675201";"8.84533977508545";"3.0450000763";"32.25790023803711";"1433";"76.130699158";"26.07780075073242"
"204";"1502";"15177";"2005-11-23";"10:00:00";"2.2969999313";"2.5232000351";\N;"0.259557992219925";"5.19117021560669";\N;"35.908599853515625";"2413";"172.43699646";"75.19999694824219"
"205";"1505";"15177";"2006-04-03";"14:50:00";"2.0685999393";"2.2757999897";\N;"0.372797012329102";"7.45593976974487";"4.2100000381";"31.2406005859375";"2373";"136.69000244";"61.74509811401367"
"206";"1508";"15177";"2006-07-31";"18:00:00";"1.6248999834";"1.7509000301";\N;"0.146320000290871";"2.92638993263245";"0.5450000167";"29.040300369262695";"2074";"44.738399506";"19.29109954833984"
"207";"1502";"15178";"2005-11-15";"18:00:00";"2.0555000305";"2.0701999664";\N;"0.239963993430138";"4.7992901802063";\N;"35.30509948730469";"1130";"76.698997498";"40.87889862060547"
"208";"1505";"15178";"2006-04-03";"09:30:00";"1.4795000553";"1.6137000322";\N;"0.343533009290695";"6.87065982818604";\N;"86.01499938964844";"1693";"349.25299072";"151.2109985351562"
"209";"1508";"15178";"2006-07-31";"09:45:00";"1.3006000519";"1.8981000185";\N;"0.112729996442795";"2.25460004806519";"2.6700000763";"15.738800048828125";"1453";"38.216400146";"15.25069999694824"
"210";"1502";"15179";"2005-11-21";"13:00:00";"1.2239999771";"1.2417000532";\N;"0.303326994180679";"6.0665397644043";"2.6649999619";"347.2770080566406";"2659";"188.54499817";"61.51190185546875"
"211";"1505";"15179";"2006-04-03";"11:52:00";"1.1431000233";"1.6006000042";\N;"0.327628999948502";"6.55257987976074";"3.0099999905";"8.473520278930664";"1963";"91.145797729";"48.98059844970703"
"212";"1508";"15179";"2006-08-01";"12:25:00";"1.3181999922";"1.4090000391";\N;"0.118836998939514";"2.37673997879028";"3.0299999714";"11.228599548339844";"793";"12.896300316";"5.517380237579346"
"213";"1508";"15180";"2006-07-31";"13:00:00";"1.204300046";"1.4563000202";\N;"0.134868994355202";"2.69737005233765";"3.8849999905";"39.46369934082031";"1583";"154.88499451";"84.04000091552734"
"214";"1602";"16090";"2005-11-21";"09:00:00";"4.2642998695";"10.282099724";\N;"0.245054006576538";"4.90107011795044";"3.9900000095";\N;\N;"2.1743199825";"13.80000019073486"
"215";"1605";"16090";"2006-04-07";"17:45:00";"1.8377000093";"7.9372000694";\N;"0.56555700302124";"11.3111000061035";"3.0599999428";"17.822500228881836";"15.399999618530273";"3.9896900654";"3"
"216";"1608";"16090";"2006-08-04";"13:00:00";"3.1570999622";"11.048999786";\N;"0.138430997729301";"2.76862001419067";"3.5150001049";"0.1564989984035492";"18.84000015258789";"10.380200386";"0.772499978542328"
"217";"1602";"16091";"2005-11-17";"17:00:00";"1.5437999964";"3.5559000969";\N;"0.210700005292892";"4.2140097618103";\N;\N;\N;"11.052399635";"5.776000022888184"
"218";"1605";"16091";"2006-04-07";"11:06:00";"1.2273999453";"3.6865000725";\N;"0.384247988462448";"7.68495988845825";"2.4149999619";"7.552840232849121";"231";"1.5430899858";"1.094750046730042"
"219";"1608";"16091";"2006-08-04";"14:50:00";"2.0992000103";"3.4927000999";\N;"0.113747999072075";"2.27495002746582";"4.6149997711";"3.733839988708496";"207.24000549316406";"7.4081997871";"9.75"
"220";"1602";"16092";"2005-11-17";"18:00:00";"1.4447000027";"3.6431999207";\N;"0.263884007930756";"5.27768993377686";\N;"25.592899322509766";"1466.8499755859375";"9.1683597565";"3.806999921798706"
"221";"1605";"16092";"2006-04-07";"11:40:00";"1.2357000113";"3.7332000732";\N;"0.351166993379593";"7.02334022521973";"3.1800000668";"9.676850318908691";"254.10000610351562";"2.975869894";"2.033349990844727"
"222";"1608";"16092";"2006-08-04";"16:00:00";"2.1605000496";"3.7193000317";\N;"0.106367997825146";"2.12736010551453";"2.6400001049";"2.6896800994873047";"150.72000122070312";"18.554199219";"0.778568029403687"
"223";"1602";"16093";"2005-11-17";"19:00:00";"1.5908999443";"4.4397997856";\N;"0.262611985206604";"5.25224018096924";\N;"18.641300201416016";"847";"163.73500061";"54.60499954223633"
"224";"1605";"16093";"2006-04-07";"13:30:00";"1.4644999504";"3.6870000362";\N;"0.326357007026672";"6.52713012695312";"3.3150000572";"43.847599029541016";"816.2000122070312";"77.014503479";"37.99509811401367"
"225";"1608";"16093";"2006-08-04";"17:00:00";"3.6507000923";"3.2948999405";\N;"0.100769996643066";"2.01538991928101";"3.2249999046";"2.4381399154663086";"235.5";"15.807100296";"49.32619857788086"
"226";"1602";"16094";"2005-11-21";"08:00:00";"3.7683999538";"6.4328999519";\N;"0.275590002536774";"5.51179981231689";"2.9600000381";"4.0660200119018555";"46.20000076293945";"3.4063398838";"18.05680084228516"
"227";"1608";"16094";"2006-08-04";"15:30:00";"3.4702000618";"8.9912004471";\N;"0.181436002254486";"3.62873005867004";"2.8900001049";"5.313549995422363";"94.19999694824219";"11.221199989";"14.97329998016357"
"228";"1602";"16095";"2005-11-17";"19:00:00";"1.6205999851";"3.4542000294";\N;"0.235384002327919";"4.70768022537231";\N;"20.16390037536621";"1409.0999755859375";"151.57499695";"48.21500015258789"
"229";"1605";"16095";"2006-04-12";"12:45:00";"1.1262999773";"3.2562999725";\N;"0.365799009799957";"7.31597995758057";"2.6749999523";"14.364700317382812";"284.8999938964844";"14.088500023";"3.051350116729736"
"230";"1608";"16095";"2006-08-04";"17:40:00";"1.8631999493";"3.3977000713";\N;"0.121127001941204";"2.42253994941711";"3.1400001049";"21.7450008392334";"894.9000244140625";"70.076301575";"9.931389808654785"
"231";"1602";"16096";"2005-11-17";"12:44:00";"1.6294000149";"2.7836000919";\N;"0.51758998632431";"10.3517999649048";\N;"0.5950899720191956";"77";"97.910499573";"35.21590042114258"
"232";"1602";"16097";"2005-11-17";"12:21:00";"1.5399999619";"3.2135999203";\N;"0.265157014131546";"5.30313014984131";\N;"12.18690013885498";"931.7000122070312";"184.35800171";"66.45500183105469"
"233";"1605";"16097";"2006-04-11";"17:15:00";"2.7539999485";"3.0209999084";\N;"0.30536299943924";"6.10726022720337";"3.4849998951";"31.00320053100586";"823.9000244140625";"118.69799805";"54.66070175170898"
"234";"1608";"16097";"2006-08-08";"14:40:00";"1.4226000309";"2.8771998882";\N;"0.121381998062134";"2.42762994766235";"2.7699999809";"17.924400329589844";"442.739990234375";"117.45300293";"47.74990081787109"
"235";"1602";"16098";"2005-11-17";"11:13:00";"1.1391999722";"3.3289999962";\N;"0.273808985948563";"5.4761700630188";\N;"21.954299926757812";"985.5999755859375";"69.332397461";"26.51409912109375"
"236";"1605";"16098";"2006-04-11";"16:30:00";"1.7675000429";"3.0773000717";\N;"0.425599008798599";"8.51198959350586";"3.9049999714";"14.289899826049805";"723.7999877929688";"43.507198334";"22.0452995300293"
"237";"1608";"16098";"2006-08-08";"10:40:00";"1.559499979";"3.1479001045";\N;"0.102805003523827";"2.05610990524292";"3.0550000668";"12.654500007629395";"235.5";"32.88079834";"49.98440170288086"
"238";"1605";"16099";"2006-04-07";"18:26:00";"3.9005999565";"14.55300045";\N;"0.498759001493454";"9.97517967224121";"5.8150000572";"8.618829727172852";"3888.5";"1.0711499453";"23.41670036315918"
"239";"1608";"16099";"2006-08-04";"14:30:00";"8.1624002457";"22.484699249";\N;"0.133086994290352";"2.66175007820129";"2.2850000858";"50.39799880981445";"10917.7998046875";"1.0744099617";"0.328415989875793"
