"idDifusao";"idCampanha";"idSitio";"dataMedida";"horaMedida";"CH4";"CO2";"N2O";"pH";"tempAgua";"tempAr";"profundidade";"altitude";"vento"
"1";"201";"2001";"2006-11-21";"10:41:00";"14.300000191";"93100";"20.5";\N;\N;\N;\N;\N;\N
"2";"201";"2001";"2006-11-21";"11:34:00";\N;"701";"0.6949999928";\N;\N;\N;\N;\N;\N
"3";"201";"2001";"2006-11-21";"11:48:00";\N;"219";"1.1299999952";\N;\N;\N;\N;\N;\N
"4";"201";"2002";"2006-11-21";"12:20:00";\N;"-1200";\N;\N;\N;\N;\N;\N;\N
"5";"201";"2003";"2006-11-21";"16:18:00";"0.7400000095";"-3730";\N;\N;\N;\N;\N;\N;\N
"6";"201";"2003";"2006-11-21";"16:40:00";"15.100000381";\N;\N;\N;\N;\N;\N;\N;\N
"7";"205";"2003";"2007-07-24";"09:40:00";"0.949000001";"-524.3250122";\N;\N;\N;\N;\N;\N;\N
"8";"205";"2003";"2007-07-24";"09:50:00";"3.9539999962";"-1449.48999";\N;\N;\N;\N;\N;\N;\N
"9";"201";"2004";"2006-11-22";"09:05:00";"1.6299999952";"-8550";\N;\N;\N;\N;\N;\N;\N
"10";"201";"2005";"2006-11-22";"10:46:00";"42.900001526";\N;\N;\N;\N;\N;\N;\N;\N
"11";"201";"2005";"2006-11-22";"10:58:00";\N;\N;"-1.179999948";\N;\N;\N;\N;\N;\N
"12";"201";"2006";"2006-11-22";"11:50:00";\N;\N;"-0.497999996";\N;\N;\N;\N;\N;\N
"13";"201";"2007";"2006-11-22";"10:58:00";\N;\N;"-1.179999948";\N;\N;\N;\N;\N;\N
"14";"201";"2007";"2006-11-22";"17:00:00";\N;"2760";\N;\N;\N;\N;\N;\N;\N
"15";"203";"2007";"2007-03-27";"16:59:00";\N;"6337";\N;\N;\N;\N;\N;\N;\N
"16";"203";"2007";"2007-03-27";"17:12:00";\N;"3225";"2.0720000267";\N;\N;\N;\N;\N;\N
"17";"205";"2007";"2007-07-24";"17:14:00";\N;"1039.0600586";\N;\N;\N;\N;\N;\N;\N
"18";"205";"2007";"2007-07-24";"17:24:00";"0.6470000148";"1383.7399902";\N;\N;\N;\N;\N;\N;\N
"19";"201";"2008";"2006-11-23";"08:10:00";"166";"3790";\N;\N;\N;\N;\N;\N;\N
"20";"201";"2008";"2006-11-23";"08:20:00";\N;"2010";\N;\N;\N;\N;\N;\N;\N
"21";"203";"2025";"2007-03-26";"10:15:00";"1.0420000553";"4783";"0.7310000062";\N;\N;\N;\N;\N;\N
"22";"203";"2025";"2007-03-26";"10:31:00";"140.66299438";"5740";"0.7889999747";\N;\N;\N;\N;\N;\N
"23";"203";"2026";"2007-03-27";"09:46:00";\N;"4080";"-1.148000002";\N;\N;\N;\N;\N;\N
"24";"203";"2026";"2007-03-27";"10:00:00";"24.570999146";"1553";"-1.322000027";\N;\N;\N;\N;\N;\N
"25";"205";"2026";"2007-07-25";"09:40:00";"0.5929999948";\N;"-4.172999859";\N;\N;\N;\N;\N;\N
"26";"205";"2026";"2007-07-25";"09:50:00";\N;"294.86700439";\N;\N;\N;\N;\N;\N;\N
"27";"203";"2027";"2007-03-28";"09:20:00";"0.4620000124";\N;\N;\N;\N;\N;\N;\N;\N
"28";"203";"2027";"2007-03-28";"09:35:00";"0.6899999976";"1433";"0.2980000079";\N;\N;\N;\N;\N;\N
"29";"203";"2027";"2007-03-28";"09:47:00";"2.5490000248";"820";"-0.935000002";\N;\N;\N;\N;\N;\N
"30";"203";"2027";"2007-03-28";"10:55:00";"0.8759999871";\N;\N;\N;\N;\N;\N;\N;\N
"31";"203";"2028";"2007-03-28";"10:25:00";\N;\N;"1.2039999962";\N;\N;\N;\N;\N;\N
"32";"203";"2029";"2007-03-28";"12:10:00";"4.7430000305";"-1359";\N;\N;\N;\N;\N;\N;\N
"33";"203";"2029";"2007-03-28";"12:25:00";"4.0229997635";\N;\N;\N;\N;\N;\N;\N;\N
"34";"205";"2029";"2007-07-23";"15:10:00";"0.5350000262";"-2091.639893";"-0.449000001";\N;\N;\N;\N;\N;\N
"35";"203";"2030";"2007-03-28";"12:00:00";"3.0659999847";"-1712";"1.0939999819";\N;\N;\N;\N;\N;\N
"36";"203";"2030";"2007-03-28";"12:14:00";\N;"-1275";"0.9390000105";\N;\N;\N;\N;\N;\N
"37";"203";"2031";"2007-03-28";"13:45:00";\N;"-1303";\N;\N;\N;\N;\N;\N;\N
"38";"203";"2031";"2007-03-28";"14:00:00";"0.8330000043";"-349";\N;\N;\N;\N;\N;\N;\N
"39";"203";"2032";"2007-03-28";"16:20:00";"30.836000443";"-1138";"-2.155999899";\N;\N;\N;\N;\N;\N
"40";"203";"2033";"2007-03-29";"09:00:00";"16.579000473";"14638";\N;\N;\N;\N;\N;\N;\N
"41";"203";"2033";"2007-03-29";"09:10:00";"12.923000336";"8348";\N;\N;\N;\N;\N;\N;\N
"42";"203";"2034";"2007-03-29";"10:01:00";"1.2180000544";"3501";"0.7200000286";\N;\N;\N;\N;\N;\N
"43";"203";"2034";"2007-03-29";"10:12:00";\N;"944";\N;\N;\N;\N;\N;\N;\N
"44";"205";"2034";"2007-07-26";"08:45:00";"1.5440000296";"2508.5900879";\N;\N;\N;\N;\N;\N;\N
"45";"205";"2034";"2007-07-26";"08:55:00";"1.243999958";"1749.8599854";\N;\N;\N;\N;\N;\N;\N
"46";"205";"2040";"2007-07-23";"10:16:00";"1.2039999962";"-3254.830078";"-2.020999908";\N;\N;\N;\N;\N;\N
"47";"205";"2040";"2007-07-23";"10:26:00";"1.7389999628";"-1381.51001";\N;\N;\N;\N;\N;\N;\N
"48";"205";"2041";"2007-07-23";"10:48:00";"1.0470000505";"-3254.830078";"7.7239999771";\N;\N;\N;\N;\N;\N
"49";"205";"2041";"2007-07-23";"10:58:00";"0.8119999766";"-1381.51001";\N;\N;\N;\N;\N;\N;\N
"50";"205";"2042";"2007-07-23";"15:10:00";"0.4230000079";"-1898.97998";"1.3700000048";\N;\N;\N;\N;\N;\N
"51";"205";"2042";"2007-07-23";"15:20:00";"-0.133000001";"-1916.699951";\N;\N;\N;\N;\N;\N;\N
"52";"205";"2043";"2007-07-24";"14:20:00";"9.6639995575";"-3259.899902";\N;\N;\N;\N;\N;\N;\N
"53";"205";"2043";"2007-07-24";"14:21:00";"12.802000046";"-7688.680176";\N;\N;\N;\N;\N;\N;\N
"54";"205";"2044";"2007-07-25";"14:45:00";"2.6099998951";"-2020.900024";\N;\N;\N;\N;\N;\N;\N
"55";"205";"2044";"2007-07-25";"14:55:00";"2.2739999294";"-229.1849976";"2.0179998875";\N;\N;\N;\N;\N;\N
"56";"205";"2045";"2007-07-25";"16:35:00";\N;"-535.6240234";\N;\N;\N;\N;\N;\N;\N
"57";"801";"8031";"2003-11-17";"17:21:00";"23.200000763";"-1050";"-0.377000004";"8.3000001907";"31";"34";"7";"427";"1"
"58";"801";"8031";"2003-11-17";"17:23:00";"15.300000191";"-326";"-0.492000014";"8.3000001907";"31";"34";"7";"427";"1"
"59";"801";"8031";"2003-11-18";"10:18:00";"14.399999619";"-154";"-0.059700001";"8.3000001907";"29";"30";"12";"431";"0.5"
"60";"801";"8031";"2003-11-19";"13:32:00";"41.599998474";"568";"-0.050000001";"8.1000003815";"30.5";"32.5";"9";"424";"1.5"
"61";"801";"8032";"2003-11-18";"17:18:00";"7696";"18271";"-24.35899925";"7.3000001907";"27";"26";"10";"250";"0"
"62";"801";"8033";"2003-11-19";"10:35:00";"34.099998474";"521";"-0.017899999";"8";"29";"30";"4";"426";"2"
"63";"801";"8034";"2003-11-19";"12:25:00";"6.8200001717";"-77.09999847";"0.1389999986";"8.1999998093";"29.5";"32";"10";"424";"1.5"
"64";"801";"8035";"2003-11-19";"16:00:00";"91";"2865";"-0.189999998";"7.3000001907";"31";"30";"10";"424";"2"
"65";"801";"8036";"2003-11-19";"16:46:00";"52.099998474";"1401";"-0.358999997";"8";"30";"28";"16";"424";"2"
"66";"801";"8037";"2003-11-19";"18:37:00";"9800";"18623";"-0.430000007";"7.1999998093";"27.5";"28.5";"0.5";"424";"1"
"67";"801";"8038";"2003-11-20";"15:57:00";"6587";"15224";"-0.402999997";\N;\N;\N;"10";\N;\N
"68";"801";"8039";"2003-11-20";"16:04:00";"5.0900001526";"4842";"-1.480999947";"7.5999999046";"29";"27";"0.5";\N;"1"
"69";"801";"8039";"2003-11-20";"16:21:00";"5.3699998856";"2834";"-0.034200002";"7.5999999046";"29";"27";"0.5";\N;"1"
"70";"801";"8040";"2003-11-20";"17:29:00";"7.5399999619";"3878";"0.6420000196";"7.5";"29";"31";"0.5";"440";"0"
"71";"801";"8041";"2003-11-20";"18:25:00";"734";"5319";"0.6830000281";"7.5999999046";"29";"27";"7";"444";"1"
"72";"801";"8042";"2003-11-20";"23:38:00";"7.2699999809";"8004";"0.1410000026";"7.5";"28.5";"25.5";"10";"426";"0"
"73";"801";"8042";"2003-11-21";"02:25:00";"6.1399998665";"7353";"0.3030000031";"7.5";"28.5";"25.5";"10";"418";"0"
"74";"801";"8042";"2003-11-21";"04:29:00";"6.1999998093";"4245";"0.1010000035";"7.5";"28.5";"25";"10";"418";"0"
"75";"801";"8043";"2003-11-21";"06:24:00";"6.9099998474";"5976";"0.2269999981";"7.5";"28.5";"25";"10";"418";"0"
"76";"801";"8044";"2003-11-21";"10:01:00";"12.600000381";"2912";"0.2860000134";"7.5";"29";"30.5";"7";"429";"1"
"77";"801";"8045";"2003-11-21";"11:50:00";"15.399999619";"2406";"0.1790000051";"7.8000001907";"29.5";"31";"4.5";\N;"1.5"
"78";"801";"8046";"2003-11-21";"18:12:00";"2.1600000858";"3114";"1.1670000553";\N;\N;"32";\N;"436";\N
"79";"805";"8047";"2004-03-15";"10:03:00";"23.100000381";"30631";"0.9570000172";"7.0999999046";"27";"30.5";"2.5";\N;"0"
"80";"805";"8047";"2004-03-15";"10:24:00";"8.9899997711";"24016";"0.0299999993";"7.0999999046";"27";"30.5";"2.5";\N;"0"
"81";"805";"8047";"2004-03-15";"10:45:00";"16.5";"38128";"1.7799999714";"7.0999999046";"27";"30.5";"2.5";\N;"0"
"82";"805";"8048";"2004-03-15";"11:18:00";"0.4499999881";"3278";\N;\N;\N;\N;\N;"259";\N
"83";"805";"8049";"2004-03-15";"16:10:00";"29.899999619";"1251";"0.82099998";\N;"30.5";"26";\N;"444";"1.5"
"84";"805";"8050";"2004-03-15";"16:37:00";"14.300000191";"59.200000763";"0.0850000009";"8.1000003815";"30";"25";"1.6000000238";"444";"1.5"
"85";"805";"8051";"2004-03-15";"17:23:00";"3.2799999714";"-297.3999939";"0.6499999762";"8.3000001907";"30";"25.5";"7.1999998093";"444";"0"
"86";"805";"8051";"2004-03-15";"17:39:00";"1.9900000095";"149";"-1.080000043";"8.3000001907";"30";"25.5";"7.1999998093";"444";"0"
"87";"805";"8052";"2004-03-16";"10:21:00";"11.399999619";"-328";"-0.209999993";"8";"29";"27";"29";"444";"0"
"88";"805";"8052";"2004-03-16";"10:41:00";"5.4099998474";"220";"-0.739000022";"8";"29";"27";"28.600000381";"444";"0"
"89";"805";"8052";"2004-03-16";"11:11:00";"4.0599999428";"-407";"2.4600000381";"7.8000001907";"30";"32";"41.5";"444";"0"
"90";"805";"8052";"2004-03-16";"11:29:00";"3.5699999332";"-265";"1.0700000525";"7.8000001907";"30";"32";"41.5";"444";"0"
"91";"805";"8053";"2004-03-16";"13:15:00";"-0.140000001";"432";"1.3200000525";\N;\N;"31";\N;"447";"1"
"92";"805";"8053";"2004-03-16";"13:29:00";"-0.319999993";"188";"-3.049999952";\N;\N;"31";\N;"447";"1"
"93";"805";"8054";"2004-03-16";"14:11:00";"17.200000763";"-175";"0.2669999897";\N;"30.5";"28.5";"20";\N;\N
"94";"805";"8055";"2004-03-16";"14:46:00";"4.7100000381";"-106";"1.0770000219";\N;"31";"30";"13";\N;\N
"95";"805";"8055";"2004-03-16";"15:05:00";"5.6700000763";"-176";"0.2700000107";\N;"31";"30";"14";\N;\N
"96";"805";"8056";"2004-03-17";"11:28:00";"-9.840000153";"57";"-0.973999977";\N;"29.5";"30";"56";\N;\N
"97";"805";"8056";"2004-03-17";"11:44:00";"2.7400000095";"-164";"-1.388000011";\N;"29.5";"30";"55";\N;\N
"98";"805";"8057";"2004-03-17";"13:03:00";"4.5399999619";"-531";"0.9670000076";\N;"30";"29";"68.099998474";\N;\N
"99";"805";"8058";"2004-03-17";"17:26:00";"1174.9399414";"7733";"-1.307999969";\N;"27";"28";"13";\N;\N
"100";"805";"8058";"2004-03-17";"17:42:00";"1050.3199463";"7983";"0.1439999938";\N;"27";"28";"13";\N;\N
"101";"805";"8059";"2004-03-18";"16:48:00";"3.4500000477";"8053";"-0.546999991";\N;"28";"28";"12";\N;\N
"102";"805";"8059";"2004-03-18";"17:07:00";"1.6900000572";"6288";"0.2049999982";\N;"28";"28";"12";\N;\N
"103";"805";"8060";"2004-03-19";"10:00:00";"1015";"8696";"-0.644999981";\N;"25";"28";"16";\N;\N
"104";"805";"8061";"2004-03-19";"10:22:00";"14.300000191";"3803";"0.1829999983";\N;"25";"28";"35";\N;\N
"105";"805";"8062";"2004-03-19";"14:47:00";"0.0500000007";"6939";"-0.397000015";\N;"28";"28";"16";\N;\N
"106";"808";"8063";"2004-07-12";"08:26:00";"16.959999084";"1549";"0.503000021";"8.1999998093";"23";"24.799999237";"0.6999999881";"491.3999939";"0"
"107";"808";"8063";"2004-07-12";"08:43:00";"17.340000153";"189";"0.3310000002";"8.1999998093";"23";"24.799999237";"0.6999999881";"491.3999939";"0"
"108";"808";"8063";"2004-07-12";"08:59:00";"18.899999619";"1320";"0.0250000004";"8.1999998093";"23";"24.799999237";"0.6999999881";"491.3999939";"0"
"109";"808";"8064";"2004-07-12";"17:14:00";"27.729999542";"4408";"1.1679999828";"7.4000000954";"27";"30";"0.5";\N;\N
"110";"808";"8064";"2004-07-12";"17:29:00";"20.260000229";"3317";"0.4329999983";"7.4000000954";"27";"30";"0.5";\N;\N
"111";"808";"8064";"2004-07-12";"17:44:00";"19.379999161";"2621";"0.1490000039";"7.4000000954";"27";"30";"0.5";\N;\N
"112";"808";"8065";"2004-07-13";"12:37:00";"15.31000042";"5503";"0.0960000008";"7.5";"26";"27";"10";"438.5";\N
"113";"808";"8066";"2004-07-13";"14:55:00";"10.329999924";"2274";"0.0419999994";"7.4000000954";"27.5";"30";"12";"447.79998779";\N
"114";"808";"8066";"2004-07-13";"15:16:00";"11.470000267";"1220";"0.2720000148";"7.4000000954";"27.5";"30";"12";"447.79998779";\N
"115";"808";"8067";"2004-07-13";"16:17:00";"18.329999924";"4926";"0.063000001";"7.6999998093";"27.5";"27";"2.5";"439";\N
"116";"808";"8068";"2004-07-13";"16:43:00";"3.9400000572";"2460";"-0.133000001";"7.5";"27.5";"27";"9";\N;"2"
"117";"808";"8069";"2004-07-13";"17:58:00";"166.25999451";"8881";"1.253000021";"7.3000001907";"27";"26";"0.6999999881";\N;\N
"118";"808";"8070";"2004-07-14";"11:33:00";"7.7199997902";"3272";"-2.471999884";"7.5";\N;"28";"9.5";\N;\N
"119";"808";"8071";"2004-07-14";"16:41:00";"20.879999161";"3209";"0.2259999961";"7.4000000954";"28";"29";"14.199999809";"438";\N
"120";"808";"8072";"2004-07-14";"17:27:00";"2.6300001144";"1800";"0.400000006";"7.4000000954";"26.5";"29";"100";"438";"0.5"
"121";"808";"8073";"2004-07-14";"19:47:00";"4.3699998856";"9738";"0.5230000019";"7.3000001907";"21.5";"21";"0.5";"287.6000061";"0"
"122";"808";"8073";"2004-07-14";"20:03:00";"3.1500000954";"10399";"0.1669999957";"7.3000001907";"21.5";"21";"0.5";"287.6000061";"0"
"123";"808";"8074";"2004-07-15";"16:37:00";"20.959999084";"1909";"0.2800000012";"7.6999998093";"27.5";"28.5";"10.100000381";"451.1000061";"2"
"124";"808";"8074";"2004-07-15";"16:52:00";"21.579999924";"1222";"6.0240001678";"7.6999998093";"27.5";"28.5";"10.100000381";"451.1000061";"2"
"125";"808";"8075";"2004-07-15";"17:39:00";"21.989999771";"1349";"-0.034000002";"7.6999998093";"26.5";"27";"9.1999998093";"445.1000061";\N
"126";"808";"8076";"2004-07-15";"18:01:00";"22.25";"1021";"0.1169999987";"7.6999998093";"27";"25.5";"11";"446";"1"
"127";"808";"8077";"2004-07-16";"11:28:00";"21.200000763";"105";"0.7599999905";"7.6999998093";"24";"28.5";"4.3000001907";\N;"0"
"128";"808";"8077";"2004-07-16";"11:39:00";"26.420000076";"-604";"0.1449999958";"7.6999998093";"24";"28.5";"4.3000001907";\N;"0"
"129";"808";"8077";"2004-07-16";"11:44:00";"20.510000229";"4166";"0.2060000002";"7.6999998093";"24";"28.5";"4.3000001907";\N;"0"
"130";"808";"8078";"2004-07-16";"11:59:00";"910.79998779";"435";"0.2199999988";"7.9000000954";"33";"33.5";"28.399999619";\N;"0"
"131";"808";"8079";"2004-07-16";"15:49:00";"14.710000038";"707";"0.1640000045";"7.8000001907";"28.5";"31";"9.5";\N;"0.5"
"132";"808";"8080";"2004-07-16";"17:13:00";"15.31000042";"102";"-0.456";"7.9000000954";"27.5";"29";"9.6000003815";\N;"0.5"
"133";"801";"8089";"2003-11-18";"11:48:00";"5.7899999619";"712";"-0.088200003";"8.3000001907";"30.5";"32.5";"3";"443";"0"
"134";"1001";"10020";"2003-11-24";"14:52:00";"7.0199999809";"21.899999619";"0.773999989";"8.3000001907";"31";"30";"0.5";"510";"1.5"
"135";"1001";"10020";"2003-11-24";"15:39:00";"12.199999809";"109";"0.8519999981";"8.3000001907";"31";"30";"0.5";"510";"1.5"
"136";"1001";"10020";"2003-11-27";"02:25:00";"7.7199997902";"453";"-0.00405";"8.3000001907";\N;\N;"0.5";\N;"0"
"137";"1001";"10021";"2003-11-24";"16:29:00";"2071";"11866";"-0.108999997";"7.0999999046";"27.5";"28.5";"0.5";"510";"0"
"138";"1001";"10021";"2003-11-27";"11:40:00";"3284";"25868";"1321";"7.1999998093";\N;\N;"0.5";\N;"0"
"139";"1001";"10022";"2003-11-25";"08:52:00";"33.799999237";"-871";"3.1340000629";"8.1999998093";"29.5";"29";"12";"292";"3"
"140";"1001";"10023";"2003-11-25";"10:00:00";"33.799999237";"-871";"3134";"8.1000003815";"29";"31";"12";"287";"3"
"141";"1001";"10024";"2003-11-25";"10:33:00";"26.700000763";"2098";"0.3370000124";"7.8000001907";"29";"32";"20";"293";"3.5"
"142";"1001";"10025";"2003-11-25";"12:09:00";"24.700000763";"71.5";"-1.523000002";"8";"30";"33";"6";"291";"2.5"
"143";"1001";"10026";"2003-11-25";"15:35:00";"13.5";"1708";"1.3630000353";"8.3000001907";"28.899999619";"29.399999619";"7";\N;"2.5"
"144";"1001";"10026";"2003-11-26";"15:21:00";"11.5";"-234";"1.3020000458";"8.3999996185";\N;\N;"4";\N;"0"
"145";"1001";"10027";"2003-11-25";"16:35:00";"14.5";"374";"1.1230000257";"8.3000001907";"29.399999619";"28.700000763";"10";"296";"0"
"146";"1001";"10028";"2003-11-26";"08:05:00";"19.299999237";"613";"0.8529999852";"8.3999996185";\N;\N;"12";"279";"2.5"
"147";"1001";"10029";"2003-11-26";"09:23:00";"11.899999619";"493";"0.00728";"8.1000003815";\N;\N;"12";"286";"0"
"148";"1001";"10029";"2003-11-27";"09:32:00";"32.299999237";"69.900001526";"1.3580000401";\N;\N;\N;"12";\N;\N
"149";"1001";"10030";"2003-11-26";"10:06:00";"21.299999237";"1375";"0.5249999762";"8";\N;\N;"6";"286";"1.5"
"150";"1001";"10031";"2003-11-26";"10:43:00";"15.399999619";"-181";"0.7779999971";"8.1999998093";\N;\N;"10";\N;"1"
"151";"1001";"10032";"2003-11-26";"16:25:00";"30.399999619";"206";"0.3000000119";"8.1000003815";\N;\N;"5";\N;"0"
"152";"1001";"10033";"2003-11-27";"09:05:00";"26.600000381";"72.199996948";"0.1770000011";"8.1999998093";\N;\N;"5";\N;"2.5"
"153";"1005";"10034";"2004-03-22";"17:18:00";"20.899999619";"-13145";"-1.921000004";"0";"30.700000763";"29.5";"45";"290";\N
"154";"1005";"10034";"2004-03-22";"17:35:00";"29.5";"-426";"2.7899999619";"0";"30.700000763";"29.5";"36.799999237";"290";\N
"155";"1005";"10035";"2004-03-23";"09:51:00";"32.200000763";"4793";"-0.40200001";"7.3000001907";"29.899999619";"28.299999237";"15.5";"284";"0.5"
"156";"1005";"10036";"2004-03-23";"10:23:00";"13.300000191";"-5030";"-0.5";"7.4000000954";"29.899999619";"28.299999237";"4.9000000954";"284";"0.5"
"157";"1005";"10037";"2004-03-23";"14:03:00";"5.9099998474";"602";"-1.057000041";"7.6999998093";"33.5";"33";"2.5";"284";\N
"158";"1005";"10038";"2004-03-23";"15:17:00";"25.700000763";"4256";"0.7680000067";\N;"32.900001526";"33.700000763";"20";\N;"2.5"
"159";"1005";"10039";"2004-03-24";"14:40:00";"9.5";"369";"0.6389999986";"7.8000001907";"28.899999619";"28.799999237";"1.1000000238";"287";"0"
"160";"1005";"10039";"2004-03-24";"15:00:00";"69.099998474";"5255";"-0.836000025";"7.8000001907";"28.899999619";"28.799999237";"0.5";"287";"0"
"161";"1005";"10040";"2004-03-24";"16:18:00";"15.800000191";"-11220";"-0.481999993";"8.1000003815";"32.099998474";"32.700000763";"10";"295";"0"
"162";"1005";"10041";"2004-03-24";"17:41:00";"8.6400003433";"831";"-0.147";"7.5";"30.399999619";"30.600000381";"5.8000001907";"291";"2"
"163";"1005";"10042";"2004-03-24";"22:26:00";"31.399999619";"1062";"1.0119999647";\N;\N;\N;"2";\N;\N
"164";"1005";"10043";"2004-03-25";"09:37:00";"4066";"48795";"-2.943000078";"7.0999999046";"28";"30";"0.5";"224";"0"
"165";"1005";"10043";"2004-03-25";"09:57:00";"4399";"39711";"1.8380000591";"7.0999999046";"28";"30";"0.5";"224";"0"
"166";"1005";"10044";"2004-03-25";"10:41:00";"1592";"16999";"2.5820000172";"7.0999999046";"28";"32";"0.5";"195";\N
"167";"1005";"10044";"2004-03-25";"10:53:00";"1399.5999756";"11262";"-0.52700001";"7.0999999046";"28";"32";"0.5";"195";\N
"168";"1005";"10045";"2004-03-25";"14:15:00";"15.300000191";"1862";"1.6480000019";"7.5";"34";"35";"1.2999999523";"288";"0"
"169";"1005";"10045";"2004-03-25";"14:45:00";"19.299999237";"1606";"-0.294";"7.5";"34";"35";"1.2999999523";"288";"0"
"170";"1005";"10046";"2004-03-25";"15:09:00";"-0.709999979";"40108";"-1.356999993";\N;"33";"34";\N;"306";\N
"171";"1005";"10046";"2004-03-25";"15:24:00";"-1.019999981";"6112";"0.6850000024";\N;"33";"34";\N;"306";\N
"172";"1008";"10047";"2004-07-18";"18:08:00";"56.099998474";"422";"-0.393999994";"7.5999999046";"22";"21";"0.5";"156";"0"
"173";"1008";"10047";"2004-07-18";"18:27:00";"51.669998169";"1963";"0.1270000041";"7.5999999046";"22";"20";"0.400000006";"156";"0"
"174";"1008";"10047";"2004-07-18";"19:05:00";"46.279998779";"-74";"-0.184";"7.5999999046";"22";"20";"0.5";"156";"0"
"175";"1008";"10048";"2004-07-19";"11:31:00";"21.120000839";"5760";"0.9919999838";"6.6999998093";"21";"23";"0.6000000238";\N;"2.7000000477"
"176";"1008";"10048";"2004-07-19";"11:48:00";"18.159999847";"4914";"0.0920000002";"6.6999998093";"21";"23";"0.6000000238";\N;"2.7000000477"
"177";"1008";"10049";"2004-07-19";"13:24:00";"210.1499939";"7232";"-0.101000004";"7";"21";"22";"0.5";"216.80000305";"1.3999999762"
"178";"1008";"10049";"2004-07-19";"13:40:00";"166.77999878";"10406";"-0.150000006";"7";"21";"22";"0.5";"216.80000305";"1.3999999762"
"179";"1011";"10049";"2006-11-28";"16:10:00";"1170";"5980";"-1.169999957";\N;\N;\N;\N;\N;\N
"180";"1011";"10049";"2006-11-28";"16:27:00";"1210";"6710";\N;\N;\N;\N;\N;\N;\N
"181";"1008";"10050";"2004-07-19";"17:50:00";"21.36000061";"3424";"-0.349000007";"6.9000000954";"24";"19";"3";"282.29998779";"1.7999999523"
"182";"1008";"10051";"2004-07-20";"12:28:00";"10.75";"434";"-0.025";"8";"23";"26";"1.5";\N;"0"
"183";"1008";"10051";"2004-07-20";"13:05:00";"18.379999161";"1525";"-0.925999999";"8";"23";"26";"1.5";\N;"0"
"184";"1008";"10051";"2004-07-20";"13:20:00";"15.06000042";"534";"0.1870000064";"8";"23";"26";"1.5";\N;"0"
"185";"1008";"10052";"2004-07-20";"15:38:00";"498.32998657";"14907";"1.317999959";"7.0999999046";"24";"25";"5";"281.8999939";"1.7999999523"
"186";"1008";"10053";"2004-07-20";"16:35:00";"62.38999939";"12269";"0.2240000069";"6.8000001907";\N;\N;"55";"287.20001221";"2.7000000477"
"187";"1008";"10054";"2004-07-20";"17:01:00";"43.840000153";"10214";"-0.063000001";"6.6999998093";\N;\N;"21.5";"288";"1.7999999523"
"188";"1008";"10055";"2004-07-21";"10:48:00";"0.4699999988";"3563";"-0.485000014";"7.1999998093";"24.799999237";"27.299999237";"20.5";"281.5";"1.3999999762"
"189";"1008";"10055";"2004-07-21";"11:04:00";"0.7799999714";"3965";"-0.014";"7.1999998093";"24.799999237";"27.299999237";"20.5";"281.5";"1.3999999762"
"190";"1008";"10056";"2004-07-21";"18:47:00";"8.6800003052";"2770";"0.1819999963";"6.5999999046";"28";"23";"1.5";"283";"0"
"191";"1008";"10056";"2004-07-21";"19:03:00";"17.690000534";"5158";"0.1840000004";"6.5999999046";"28";"23";"1.5";"283";"0"
"192";"1008";"10056";"2004-07-21";"19:18:00";"16.63999939";"2519";"0.0270000007";"6.5999999046";"28";"23";"1.5";"283";"0"
"193";"1008";"10056";"2004-07-21";"19:35:00";"24.180000305";"2403";"0.0049999999";"6.5999999046";"28";"23";"1.5";"283";"0"
"194";"1008";"10057";"2004-07-22";"11:25:00";"0.4799999893";"2333";"0.0790000036";"7.4000000954";"25.299999237";"27.700000763";"20.399999619";"280.79998779";"0"
"195";"1008";"10058";"2004-07-22";"17:30:00";"4.4200000763";"237";"0.0469999984";"6.8000001907";"26";"23";"1";\N;"0.5"
"196";"1008";"10058";"2004-07-22";"17:46:00";"27.840000153";"1166";"0.1420000046";"6.8000001907";\N;\N;"1";\N;"0"
"197";"1008";"10058";"2004-07-22";"18:00:00";"112.26999664";"139";"-0.236000001";"6.8000001907";"26";"23";"1";\N;"0.5"
"198";"1008";"10058";"2004-07-22";"18:08:00";"22.870000839";"2369";"0.2319999933";"6.8000001907";"26";"23";"1";\N;"0.5"
"199";"1008";"10058";"2004-07-22";"18:23:00";"44.810001373";"2100";"0.0869999975";"6.8000001907";"26";"23";"1";\N;"0.5"
"200";"1011";"10116";"2006-11-27";"13:08:00";"359";"-140";\N;\N;\N;\N;\N;\N;\N
"201";"1011";"10117";"2006-11-27";"17:47:00";"20.5";"-2710";\N;\N;\N;\N;\N;\N;\N
"202";"1011";"10117";"2006-11-27";"18:13:00";"34.900001526";"-791";\N;\N;\N;\N;\N;\N;\N
"203";"1011";"10117";"2006-11-27";"18:28:00";"504";\N;\N;\N;\N;\N;\N;\N;\N
"204";"1011";"10118";"2006-11-28";"10:15:00";"38.099998474";"-1020";\N;\N;\N;\N;\N;\N;\N
"205";"1011";"10118";"2006-11-28";"10:28:00";"25.600000381";\N;\N;\N;\N;\N;\N;\N;\N
"206";"1011";"10119";"2006-11-28";"12:58:00";"155";\N;\N;\N;\N;\N;\N;\N;\N
"207";"1011";"10119";"2006-11-28";"13:10:00";"284";"-25359.09961";\N;\N;\N;\N;\N;\N;\N
"208";"1011";"10120";"2006-11-28";"17:52:00";"34.799999237";"5430";"0.423999995";\N;\N;\N;\N;\N;\N
"209";"1011";"10120";"2006-11-28";"18:05:00";"16.5";"3040";\N;\N;\N;\N;\N;\N;\N
"210";"1011";"10121";"2006-11-29";"07:57:00";\N;\N;"-0.774999976";\N;\N;\N;\N;\N;\N
"211";"1011";"10122";"2006-11-29";"10:00:00";"104";"43000";\N;\N;\N;\N;\N;\N;\N
"212";"1011";"10123";"2006-11-29";"12:14:00";"21.399999619";\N;\N;\N;\N;\N;\N;\N;\N
"213";"1011";"10124";"2006-11-29";"16:51:00";\N;"-310";\N;\N;\N;\N;\N;\N;\N
"214";"1011";"10124";"2006-11-29";"17:00:00";\N;"830";\N;\N;\N;\N;\N;\N;\N
"215";"1011";"10125";"2006-11-30";"12:05:00";"613";"-411";"3.5";\N;\N;\N;\N;\N;\N
"216";"1013";"10164";"2007-03-19";"13:50:00";"0.6669999957";"-2405.060059";\N;\N;\N;\N;\N;\N;\N
"217";"1013";"10164";"2007-03-19";"14:03:00";"0.8809999824";"-1720.359985";\N;\N;\N;\N;\N;\N;\N
"218";"1013";"10165";"2007-03-19";"16:25:00";"23.458999634";"-228.3890076";\N;\N;\N;\N;\N;\N;\N
"219";"1013";"10165";"2007-03-19";"16:35:00";"14.758000374";\N;\N;\N;\N;\N;\N;\N;\N
"220";"1015";"10165";"2007-07-16";"13:10:00";"0.4050000012";"2658.0800781";\N;\N;\N;\N;\N;\N;\N
"221";"1015";"10165";"2007-07-16";"13:20:00";"0.5360000134";"2774.3701172";"-0.640999973";\N;\N;\N;\N;\N;\N
"222";"1015";"10165";"2007-07-18";"10:45:00";"3.8740000725";"43856.800781";\N;\N;\N;\N;\N;\N;\N
"223";"1015";"10165";"2007-07-18";"10:55:00";\N;"20444.900391";"1.425999999";\N;\N;\N;\N;\N;\N
"224";"1015";"10165";"2007-07-18";"15:27:00";\N;"3671.2600098";"1.3109999895";\N;\N;\N;\N;\N;\N
"225";"1015";"10165";"2007-07-18";"15:37:00";\N;"6698.9702148";"2.8519999981";\N;\N;\N;\N;\N;\N
"226";"1013";"10166";"2007-03-19";"17:23:00";"13.376999855";\N;\N;\N;\N;\N;\N;\N;\N
"227";"1013";"10167";"2007-03-20";"09:29:00";"20.584999084";"3060.8701172";\N;\N;\N;\N;\N;\N;\N
"228";"1013";"10167";"2007-03-20";"12:02:00";"4.0749998093";"646.43902588";\N;\N;\N;\N;\N;\N;\N
"229";"1013";"10168";"2007-03-20";"16:02:00";\N;"7317.5097656";\N;\N;\N;\N;\N;\N;\N
"230";"1013";"10168";"2007-03-20";"16:15:00";\N;"6218.0898438";\N;\N;\N;\N;\N;\N;\N
"231";"1013";"10169";"2007-03-20";"17:35:00";"11.154999733";"369.25900269";\N;\N;\N;\N;\N;\N;\N
"232";"1013";"10169";"2007-03-20";"17:47:00";\N;"-1935.550049";\N;\N;\N;\N;\N;\N;\N
"233";"1015";"10169";"2007-07-18";"09:20:00";"1.4370000362";"14138.5";\N;\N;\N;\N;\N;\N;\N
"234";"1015";"10169";"2007-07-18";"09:48:00";"4.7150001526";"11289.5";\N;\N;\N;\N;\N;\N;\N
"235";"1013";"10170";"2007-03-21";"11:12:00";"15.112999916";\N;"-0.774999976";\N;\N;\N;\N;\N;\N
"236";"1013";"10170";"2007-03-21";"11:23:00";"17.974000931";"5160.75";"-0.774999976";\N;\N;\N;\N;\N;\N
"237";"1013";"10171";"2007-03-21";"13:10:00";"19.840999603";"1581.3599854";\N;\N;\N;\N;\N;\N;\N
"238";"1013";"10171";"2007-03-21";"13:23:00";"6.2039999962";"436.61099243";\N;\N;\N;\N;\N;\N;\N
"239";"1013";"10172";"2007-03-21";"16:31:00";"1799.1600342";"18620.300781";"-1.169999957";\N;\N;\N;\N;\N;\N
"240";"1013";"10172";"2007-03-21";"16:57:00";"2164.7299805";"15497.299805";\N;\N;\N;\N;\N;\N;\N
"241";"1013";"10173";"2007-03-21";"17:50:00";"1493.0500488";"18198.5";\N;\N;\N;\N;\N;\N;\N
"242";"1013";"10173";"2007-03-21";"18:05:00";"1333.2800293";"19642.599609";\N;\N;\N;\N;\N;\N;\N
"243";"1015";"10173";"2007-07-17";"16:34:00";"35.27299881";"15370.099609";"6.0089998245";\N;\N;\N;\N;\N;\N
"244";"1015";"10173";"2007-07-17";"16:45:00";"43.908000946";"34493.699219";"0.9860000014";\N;\N;\N;\N;\N;\N
"245";"1013";"10174";"2007-03-22";"11:00:00";"7.4489998817";"4514.7001953";\N;\N;\N;\N;\N;\N;\N
"246";"1015";"10175";"2007-07-16";"09:26:00";\N;"3509";"-2.54399991";\N;\N;\N;\N;\N;\N
"247";"1015";"10175";"2007-07-16";"09:37:00";"0.4050000012";"1954.5200195";\N;\N;\N;\N;\N;\N;\N
"248";"1015";"10176";"2007-07-16";"16:30:00";"0.40200001";\N;\N;\N;\N;\N;\N;\N;\N
"249";"1015";"10176";"2007-07-16";"16:45:00";"-4.75";"3300.1000977";\N;\N;\N;\N;\N;\N;\N
"250";"1015";"10177";"2007-07-17";"09:13:00";"3.3740000725";"28932.300781";\N;\N;\N;\N;\N;\N;\N
"251";"1015";"10177";"2007-07-17";"09:27:00";"12.23900032";"21459.900391";\N;\N;\N;\N;\N;\N;\N
"252";"1015";"10178";"2007-07-17";"13:40:00";"5.0710000992";\N;"1.5130000114";\N;\N;\N;\N;\N;\N
"253";"1015";"10178";"2007-07-17";"13:50:00";"4.9770002365";\N;\N;\N;\N;\N;\N;\N;\N
"254";"1015";"10179";"2007-07-17";"11:30:00";"13.866000175";"6218.0898438";"-0.643999994";\N;\N;\N;\N;\N;\N
"255";"1015";"10179";"2007-07-17";"11:41:00";"14.402000427";"369.25900269";\N;\N;\N;\N;\N;\N;\N
"256";"1015";"10180";"2007-07-17";"14:27:00";"115.37799835";"8971.9296875";\N;\N;\N;\N;\N;\N;\N
"257";"1015";"10181";"2007-07-17";"15:21:00";"514.96398926";"2290.6699219";"2.7309999466";\N;\N;\N;\N;\N;\N
"258";"1015";"10182";"2007-07-18";"16:53:00";"0.7620000243";"284.30200195";\N;\N;\N;\N;\N;\N;\N
"259";"1015";"10182";"2007-07-18";"17:02:00";"4.8619999886";"1623.7800293";"-6.755000114";\N;\N;\N;\N;\N;\N
"260";"1015";"10183";"2007-07-18";"09:35:00";\N;"562.06201172";\N;\N;\N;\N;\N;\N;\N
"261";"1015";"10183";"2007-07-18";"09:45:00";\N;"410.70599365";\N;\N;\N;\N;\N;\N;\N
"262";"1015";"10184";"2007-07-19";"12:09:00";"0.0099999998";"2518.5800781";\N;\N;\N;\N;\N;\N;\N
"263";"1201";"12034";"2004-11-21";"14:08:00";"31.88999939";"728";"0.0480000004";"7.6999998093";"31";"31.5";"0.6999999881";"512";"2.7000000477"
"264";"1201";"12035";"2004-11-21";"17:09:00";"24.350000381";"5446";"0.3000000119";"7.0999999046";"25";"35";"1";"921.40002441";"0.8999999762"
"265";"1201";"12035";"2004-11-21";"17:25:00";"29.180000305";"10922";"0.4289999902";"7.0999999046";"25";"35";"1";"921.40002441";"0.8999999762"
"266";"1201";"12036";"2004-11-21";"19:57:00";"56.319999695";"5366";"0.3400000036";"6.6999998093";"26";"28";"1";"505.70001221";"0"
"267";"1201";"12037";"2004-11-22";"12:48:00";"44.36000061";"716";"0.8519999981";"7.0999999046";"29";"36";"6";"511.1000061";"1.1000000238"
"268";"1201";"12037";"2004-11-22";"13:04:00";"49.130001068";"2326";"0.0170000009";"7.0999999046";"29";"36";"6";"511.1000061";"1.1000000238"
"269";"1201";"12038";"2004-11-22";"13:29:00";"15.600000381";"102";"0.0419999994";"7.0999999046";"29";"36";"6";"511";"1.1000000238"
"270";"1201";"12039";"2004-11-22";"13:48:00";"23.319999695";"-42";"0.2820000052";"8.1000003815";"29";"34";"10";"507";"0"
"271";"1201";"12040";"2004-11-22";"14:10:00";"14.369999886";"-587";"0.0949999988";"7.5999999046";"29";"34";"14.800000191";"509";"1.7999999523"
"272";"1201";"12041";"2004-11-22";"15:20:00";"6.2199997902";"-338";"-0.07";"7.6999998093";"32";"36";"25";"512";\N
"273";"1201";"12042";"2004-11-22";"16:44:00";"4.8499999046";"43";"0.0130000003";"7.5";"28";"30";"35";"509.70001221";\N
"274";"1201";"12043";"2004-11-22";"17:08:00";"4.8099999428";"-361";"-0.017999999";"7.1999998093";"28";"32";"38";"505";"0"
"275";"1201";"12044";"2004-11-22";"08:53:00";"55.590000153";"436";"0.2080000043";"7.4000000954";"28";"26";"21";"513";"3.0999999046"
"276";"1201";"12044";"2004-11-22";"09:09:00";"38.080001831";"1360";"0.2280000001";"7.4000000954";"28";"26";"21";"513";"3.0999999046"
"277";"1201";"12045";"2004-11-22";"09:37:00";"11.779999733";"2343";"-0.046";"7.5";"28";"26";"1.7999999523";"512.70001221";"3.5999999046"
"278";"1201";"12045";"2004-11-22";"09:52:00";"10.729999542";"1990";"-0.386999995";"7.5";"28";"26";"1.7999999523";"512.70001221";"3.5999999046"
"279";"1201";"12046";"2004-11-22";"10:51:00";"49.36000061";"902";"0.1299999952";"7.3000001907";"27";"29";"18";"512";"4.5"
"280";"1201";"12046";"2004-11-22";"11:07:00";"44.020000458";"-81";"0.0500000007";"7.3000001907";"27";"29";"18";"513";"4.5"
"281";"1201";"12047";"2004-11-22";"16:00:00";"0.6200000048";"582";"-0.074000001";"7.0999999046";"29";"34";"15";"508.8999939";"1.1000000238"
"282";"1201";"12047";"2004-11-22";"16:22:00";"6.8099999428";"2351";"0.7300000191";"7.0999999046";"29";"34";"15";"508.8999939";"1.1000000238"
"283";"1201";"12048";"2004-11-22";"17:10:00";"11.590000153";"-462";"0.2109999955";"7.5999999046";"29";"34";"21";"514.90002441";"3"
"284";"1201";"12048";"2004-11-22";"17:25:00";"8.0200004578";"-365";"0.3589999974";"7.5999999046";"29";"34";"21";"514.90002441";"3"
"285";"1201";"12049";"2004-11-23";"10:12:00";"9.4899997711";"-290";"-0.194999993";"7.1999998093";"28";"28";"10";"512.09997559";"3.5999999046"
"286";"1201";"12049";"2004-11-23";"10:35:00";"12.819999695";"-187";"0.0599999987";"7.1999998093";"28";"28";"10";"512.09997559";"3.5999999046"
"287";"1201";"12050";"2004-11-23";"11:44:00";"20.229999542";"148";"0.1420000046";\N;"27";"25";"9";\N;"3.5999999046"
"288";"1201";"12050";"2004-11-23";"12:01:00";"18.430000305";"239";"-0.016000001";\N;"27";"25";"9";\N;"3.5999999046"
"289";"1201";"12051";"2004-11-24";"15:54:00";"19.899999619";"382";"-0.107000001";\N;"29";"34";"3";"513.09997559";"2.2000000477"
"290";"1201";"12051";"2004-11-24";"16:11:00";"31.379999161";"-586";"-0.111000001";\N;"29";"34";"3";"513.09997559";"2.2000000477"
"291";"1201";"12052";"2004-11-25";"14:07:00";"1.0499999523";"5270";"0.5640000105";\N;"27";"29";"0.5";"247.19999695";"1.7999999523"
"292";"1201";"12052";"2004-11-25";"14:24:00";"1.5900000334";"7685";"0.4110000134";\N;"27";"29";"0.5";"247.19999695";"1.7999999523"
"293";"1201";"12053";"2004-11-25";"15:19:00";"0.8199999928";"5248";"0.7879999876";\N;"27";"34";"0.5";"433";"2.5"
"294";"1201";"12054";"2004-11-25";"17:38:00";"8.8299999237";"3298";"0.3819999993";\N;"27";"31";"0.5";"402";"0"
"295";"1201";"12054";"2004-11-25";"17:54:00";"8.0600004196";"3741";"0.6309999824";\N;"27";"31";"0.5";"402";"0"
"296";"1204";"12055";"2005-03-18";"10:50:00";"1.8600000143";"1931.9000244";\N;\N;\N;\N;\N;\N;\N
"297";"1204";"12055";"2005-03-18";"11:05:00";"0.9599999785";"1982.5";\N;\N;\N;\N;\N;\N;\N
"298";"1204";"12056";"2005-03-18";"12:11:00";"4.9899997711";\N;\N;\N;\N;\N;\N;\N;\N
"299";"1204";"12056";"2005-03-18";"12:26:00";"5.2600002289";\N;\N;\N;\N;\N;\N;\N;\N
"300";"1204";"12057";"2005-03-18";"16:26:00";"6.9400000572";\N;\N;\N;\N;\N;\N;\N;\N
"301";"1204";"12058";"2005-03-18";"17:54:00";"6.2899999619";"1031.3000488";"0.0599999987";\N;\N;\N;\N;\N;\N
"302";"1204";"12059";"2005-03-19";"12:28:00";\N;"20152.800781";\N;\N;\N;\N;\N;\N;\N
"303";"1204";"12059";"2005-03-19";"12:48:00";\N;"17648.900391";\N;\N;\N;\N;\N;\N;\N
"304";"1204";"12060";"2005-03-19";"14:24:00";"2.1500000954";"9540.4003906";\N;\N;\N;\N;\N;\N;\N
"305";"1204";"12060";"2005-03-19";"14:41:00";"3.4700000286";"15858.5";\N;\N;\N;\N;\N;\N;\N
"306";"1204";"12061";"2005-03-19";"15:23:00";"10.359999657";"16019.799805";\N;\N;\N;\N;\N;\N;\N
"307";"1204";"12061";"2005-03-19";"15:42:00";\N;"14707.900391";\N;\N;\N;\N;\N;\N;\N
"308";"1204";"12062";"2005-03-19";"16:16:00";"1.2000000477";"5636.8999023";\N;\N;\N;\N;\N;\N;\N
"309";"1204";"12062";"2005-03-19";"16:31:00";"0.5899999738";"5785.6000977";\N;\N;\N;\N;\N;\N;\N
"310";"1204";"12063";"2005-03-21";"10:24:00";"10.340000153";"11018.299805";"-3.062000036";\N;\N;\N;\N;\N;\N
"311";"1204";"12063";"2005-03-21";"10:39:00";"8.1400003433";"13859.900391";\N;\N;\N;\N;\N;\N;\N
"312";"1204";"12064";"2005-03-21";"12:13:00";"13.529999733";"19996.800781";\N;\N;\N;\N;\N;\N;\N
"313";"1204";"12064";"2005-03-21";"12:30:00";"30.409999847";"23261.400391";\N;\N;\N;\N;\N;\N;\N
"314";"1204";"12065";"2005-03-21";"15:22:00";"116.76999664";"10481.799805";"-5.798999786";\N;\N;\N;\N;\N;\N
"315";"1204";"12065";"2005-03-21";"15:44:00";"123.36000061";"16429.800781";\N;\N;\N;\N;\N;\N;\N
"316";"1204";"12066";"2005-03-22";"09:11:00";"14.06000042";"1260.1999512";"-1.449000001";\N;\N;\N;\N;\N;\N
"317";"1204";"12066";"2005-03-22";"09:26:00";"7.5900001526";"1752.9000244";"0.023";\N;\N;\N;\N;\N;\N
"318";"1204";"12067";"2005-03-22";"10:12:00";"12.550000191";"1062.5999756";"0.2349999994";\N;\N;\N;\N;\N;\N
"319";"1204";"12067";"2005-03-22";"10:27:00";"5.5700001717";"1906.3000488";\N;\N;\N;\N;\N;\N;\N
"320";"1204";"12068";"2005-03-22";"10:54:00";"12.210000038";"3475.3999023";\N;\N;\N;\N;\N;\N;\N
"321";"1204";"12068";"2005-03-22";"11:08:00";"4.4400000572";"769.20001221";\N;\N;\N;\N;\N;\N;\N
"322";"1204";"12069";"2005-03-22";"14:28:00";\N;\N;"0.3589999974";\N;\N;\N;\N;\N;\N
"323";"1204";"12069";"2005-03-22";"14:42:00";"15.260000229";\N;\N;\N;\N;\N;\N;\N;\N
"324";"1204";"12070";"2005-03-22";"15:55:00";"18.180000305";\N;\N;\N;\N;\N;\N;\N;\N
"325";"1204";"12070";"2005-03-22";"16:25:00";"27.25";"3527.6999512";\N;\N;\N;\N;\N;\N;\N
"326";"1207";"12071";"2005-08-25";"10:57:00";"0.7699999809";"1144.5100098";\N;\N;\N;\N;\N;\N;\N
"327";"1207";"12071";"2005-08-25";"11:14:00";\N;\N;"-1.776640058";\N;\N;\N;\N;\N;\N
"328";"1207";"12072";"2005-08-25";"14:05:00";"5.5500001907";"2938.2900391";\N;\N;\N;\N;\N;\N;\N
"329";"1207";"12073";"2005-08-25";"14:50:00";"2.7699999809";"2133.0500488";"2.2008199692";\N;\N;\N;\N;\N;\N
"330";"1207";"12074";"2005-08-25";"15:36:00";"7.1399998665";\N;"0.146630004";\N;\N;\N;\N;\N;\N
"331";"1207";"12075";"2005-08-25";"16:22:00";"18.659999847";"2503.2700195";\N;\N;\N;\N;\N;\N;\N
"332";"1207";"12076";"2005-08-27";"10:28:00";"2.4100000858";"938.16998291";\N;\N;\N;\N;\N;\N;\N
"333";"1207";"12076";"2005-08-27";"10:43:00";"1.6900000572";\N;"-1.643859982";\N;\N;\N;\N;\N;\N
"334";"1207";"12077";"2005-08-27";"11:18:00";"14.479999542";\N;\N;\N;\N;\N;\N;\N;\N
"335";"1207";"12078";"2005-08-27";"12:08:00";"5.7600002289";\N;\N;\N;\N;\N;\N;\N;\N
"336";"1207";"12078";"2005-08-27";"12:24:00";"10.329999924";"-1949.25";"-2.337140083";\N;\N;\N;\N;\N;\N
"337";"1207";"12079";"2005-08-27";"15:36:00";"38.090000153";"1647.0899658";\N;\N;\N;\N;\N;\N;\N
"338";"1207";"12080";"2005-08-27";"15:59:00";"9.9799995422";"3518.0900879";\N;\N;\N;\N;\N;\N;\N
"339";"1207";"12080";"2005-08-27";"16:14:00";"10.409999847";\N;\N;\N;\N;\N;\N;\N;\N
"340";"1207";"12081";"2005-08-27";"16:58:00";"2.7100000381";\N;\N;\N;\N;\N;\N;\N;\N
"341";"1207";"12082";"2005-08-27";"17:29:00";"3.2100000381";"1388.7199707";"0.3120900095";\N;\N;\N;\N;\N;\N
"342";"1207";"12083";"2005-08-28";"09:18:00";"41.810001373";"-470.8699951";"-5.101570129";\N;\N;\N;\N;\N;\N
"343";"1207";"12083";"2005-08-28";"09:35:00";"17.290000916";"-611.3300171";\N;\N;\N;\N;\N;\N;\N
"344";"1207";"12084";"2005-08-28";"10:23:00";"12.81000042";\N;"2.1417601109";\N;\N;\N;\N;\N;\N
"345";"1207";"12084";"2005-08-28";"10:40:00";"13.989999771";\N;"0.1366000026";\N;\N;\N;\N;\N;\N
"346";"1207";"12085";"2005-08-28";"11:19:00";"7.1900000572";\N;"0.709800005";\N;\N;\N;\N;\N;\N
"347";"1207";"12085";"2005-08-28";"11:34:00";"5.6300001144";"1235";"1.384739995";\N;\N;\N;\N;\N;\N
"348";"1207";"12086";"2005-08-28";"15:39:00";"7.6399998665";\N;\N;\N;\N;\N;\N;\N;\N
"349";"1207";"12086";"2005-08-28";"15:53:00";"5.3299999237";"1525.0500488";\N;\N;\N;\N;\N;\N;\N
"350";"1207";"12087";"2005-08-28";"17:54:00";"15.350000381";\N;\N;\N;\N;\N;\N;\N;\N
"351";"1207";"12087";"2005-08-28";"18:09:00";"21.979999542";"974.25";\N;\N;\N;\N;\N;\N;\N
"352";"1207";"12088";"2005-08-29";"09:18:00";"19.309999466";"-7866.430176";"-1.941869974";\N;\N;\N;\N;\N;\N
"353";"1207";"12089";"2005-08-29";"11:20:00";"23.61000061";"2402.7700195";\N;\N;\N;\N;\N;\N;\N
"354";"1207";"12089";"2005-08-29";"11:38:00";"45.130001068";"4920.3100586";"0.1898699999";\N;\N;\N;\N;\N;\N
"355";"1207";"12090";"2005-08-29";"12:56:00";"128.38000488";"4008.3898926";"-0.996460021";\N;\N;\N;\N;\N;\N
"356";"1207";"12090";"2005-08-29";"13:09:00";"146.58000183";\N;"0.4199500084";\N;\N;\N;\N;\N;\N
"357";"1207";"12091";"2005-08-29";"14:06:00";"6.9000000954";"510.63000488";"0.0979399979";\N;\N;\N;\N;\N;\N
"358";"1207";"12091";"2005-08-29";"15:21:00";"5.4800000191";"237.77999878";\N;\N;\N;\N;\N;\N;\N
"359";"1207";"12092";"2005-08-29";"16:00:00";"3.75";"-682.7299805";\N;\N;\N;\N;\N;\N;\N
"360";"1207";"12093";"2005-08-29";"17:23:00";"6.9600000381";"-330.25";\N;\N;\N;\N;\N;\N;\N
"361";"1207";"12093";"2005-08-29";"17:49:00";"62.540000916";"33.849998474";\N;\N;\N;\N;\N;\N;\N
"362";"1207";"12094";"2005-08-30";"09:06:00";"15.630000114";\N;\N;\N;\N;\N;\N;\N;\N
"363";"1207";"12094";"2005-08-30";"09:33:00";"13.350000381";\N;\N;\N;\N;\N;\N;\N;\N
"364";"1204";"12146";"2005-03-18";"15:16:00";"11.100000381";"-484.7999878";"0.2599999905";\N;\N;\N;\N;\N;\N
"365";"1204";"12146";"2005-03-18";"15:31:00";"7.2600002289";"0.400000006";\N;\N;\N;\N;\N;\N;\N
"366";"1204";"12146";"2005-03-18";"17:13:00";"4.1900000572";\N;\N;\N;\N;\N;\N;\N;\N
"367";"1204";"12146";"2005-03-18";"17:29:00";"3.5299999714";\N;"-5.798999786";\N;\N;\N;\N;\N;\N
"368";"1204";"12146";"2005-03-19";"09:20:00";"2.5199999809";"697.40002441";\N;\N;\N;\N;\N;\N;\N
"369";"1204";"12146";"2005-03-19";"09:35:00";"5.1599998474";"426.70001221";\N;\N;\N;\N;\N;\N;\N
"370";"1207";"12146";"2005-08-25";"08:19:00";"1.2400000095";"-3645.97998";\N;\N;\N;\N;\N;\N;\N
"371";"1207";"12146";"2005-08-25";"08:34:00";"2.7400000095";"168.3999939";\N;\N;\N;\N;\N;\N;\N
"372";"1207";"12146";"2005-08-27";"12:47:00";"2.8199999332";"-268.6600037";"0.3495500088";\N;\N;\N;\N;\N;\N
"373";"1301";"13025";"2004-11-16";"13:48:00";"2.3299999237";"2438";"0.063000001";"7";\N;\N;"3.7999999523";"583.5";"1.1000000238"
"374";"1301";"13026";"2004-11-16";"15:09:00";"10.380000114";"1325";"0.4499999881";"7.4000000954";"27.399999619";"26.299999237";"5";"587.90002441";"1.1000000238"
"375";"1301";"13027";"2004-11-16";"15:46:00";"1.1000000238";"1336";"0.4250000119";"7.0999999046";"27.299999237";"28.700000763";"20";"586";"1.1000000238"
"376";"1301";"13028";"2004-11-16";"16:13:00";"12.25";"202";"0.1879999936";"7.0999999046";"27.799999237";"27.600000381";"7";"587.59997559";"1.6000000238"
"377";"1301";"13028";"2004-11-16";"16:31:00";"12.699999809";"311";"0.4819999933";"7.0999999046";"27.799999237";"27.600000381";"7";"587.59997559";"1.6000000238"
"378";"1301";"13029";"2004-11-16";"17:00:00";"11.430000305";"231";"1343.9000244";"7";"27.799999237";"27.600000381";"13.5";"591.90002441";"1.6000000238"
"379";"1301";"13030";"2004-11-17";"10:01:00";"4.3200001717";"1898";"0.851000011";"7";"30";"28";"13";"586.70001221";"0"
"380";"1301";"13031";"2004-11-17";"11:08:00";"6.8200001717";"3472";"0.9309999943";"7.4000000954";"29";"32";"42";"580.20001221";"0"
"381";"1301";"13032";"2004-11-17";"11:30:00";"4.0700001717";"725";"0.1599999964";"7";"30";"34";"18";"586.20001221";"2.2000000477"
"382";"1301";"13033";"2004-11-17";"12:30:00";"1001.9699707";"3812";"0.074000001";"6.5999999046";"26";"33";"0.6999999881";\N;"1.7999999523"
"383";"1301";"13033";"2004-11-17";"12:55:00";"-2038240";"3556";"-0.634000003";"6.5999999046";"26";"33";"0.6999999881";\N;"1.7999999523"
"384";"1301";"13034";"2004-11-17";"13:50:00";"9.0699996948";"2415";"1.0110000372";"6.8000001907";"30";"27";"20";"584.70001221";\N
"385";"1301";"13035";"2004-11-17";"15:28:00";"1.9700000286";"18021";"0.4560000002";"6.5999999046";"27";"29";"0.5";"538.20001221";\N
"386";"1301";"13035";"2004-11-17";"15:46:00";"5.7399997711";"5684";"0.8930000067";"6.5999999046";"27";"29";"0.5";"538.20001221";\N
"387";"1301";"13036";"2004-11-18";"12:11:00";"13.93999958";"2900";"0.2210000008";"7.0999999046";"22";"30";"2";"566.70001221";\N
"388";"1301";"13036";"2004-11-18";"12:36:00";"13.329999924";"2093";"0.0850000009";"7.0999999046";"22";"30";"2";"566.70001221";\N
"389";"1301";"13037";"2004-11-18";"14:18:00";"6.5999999046";"498";"-0.035999998";"6.6999998093";"26";"30";"1.6000000238";"583.79998779";"1.7999999523"
"390";"1301";"13037";"2004-11-18";"14:33:00";"5.9299998283";"835";"0.173999995";"6.6999998093";"26";"30";"1.6000000238";"583.79998779";"1.7999999523"
"391";"1301";"13038";"2004-11-18";"16:22:00";\N;"1037";"0.2310000062";\N;"28";"33";"2.5";"591.59997559";"1.2999999523"
"392";"1301";"13039";"2004-11-18";"17:00:00";\N;"753";"1.5010000467";"7";"28";"31";"3";"593.29998779";"1.1000000238"
"393";"1301";"13040";"2004-11-19";"10:00:00";\N;"8855";"0.7929999828";"7";"28";"31";"1.1000000238";"584.5";"1.1000000238"
"394";"1301";"13041";"2004-11-19";"10:56:00";"4.3699998856";"1021";"0.3790000081";"6.9000000954";"27";"27";"25";"589.59997559";"0"
"395";"1301";"13042";"2004-11-19";"11:32:00";"-1.00999999";"464";"0.1720000058";"6.8000001907";"27";"29";"44";"586.70001221";"0.8999999762"
"396";"1301";"13043";"2004-11-19";"14:36:00";"9.25";"7878";"1.1419999599";"6.5999999046";"27";"29";"14.899999619";"586.70001221";"2.7000000477"
"397";"1301";"13043";"2004-11-19";"14:52:00";"9.8800001144";"7626";"1.2970000505";"6.5999999046";"27";"29";"14.899999619";"586.70001221";"2.7000000477"
"398";"1301";"13044";"2004-11-21";"11:42:00";"14.289999962";"794";"0.1059999987";"7.0999999046";"27.5";"29";"1";"512.79998779";"1.2999999523"
"399";"1305";"13045";"2005-03-14";"10:24:00";"2.2200000286";"2231.6999512";\N;\N;\N;\N;\N;\N;\N
"400";"1305";"13045";"2005-03-16";"12:21:00";"2.4400000572";\N;"0.4600000083";\N;\N;\N;\N;\N;\N
"401";"1305";"13046";"2005-03-14";"10:45:00";"2.1600000858";"4681.2998047";\N;\N;\N;\N;\N;\N;\N
"402";"1305";"13047";"2005-03-14";"11:06:00";"3.5199999809";"2476.6000977";\N;\N;\N;\N;\N;\N;\N
"403";"1305";"13048";"2005-03-14";"15:01:00";"4.2899999619";"202.69999695";\N;\N;\N;\N;\N;\N;\N
"404";"1305";"13049";"2005-03-14";"15:36:00";"4.8400001526";"5754.2001953";\N;\N;\N;\N;\N;\N;\N
"405";"1305";"13050";"2005-03-14";"16:10:00";"5.7899999619";"2833.8000488";\N;\N;\N;\N;\N;\N;\N
"406";"1305";"13051";"2005-03-14";"16:40:00";\N;"875.09997559";"-1.89199996";\N;\N;\N;\N;\N;\N
"407";"1305";"13052";"2005-03-14";"17:22:00";"4.4299998283";"2341.1999512";"0.9890000224";\N;\N;\N;\N;\N;\N
"408";"1305";"13053";"2005-03-14";"17:56:00";"5.5399999619";\N;"0.4740000069";\N;\N;\N;\N;\N;\N
"409";"1305";"13054";"2005-03-15";"09:28:00";"2.6600000858";"4706.5";\N;\N;\N;\N;\N;\N;\N
"410";"1305";"13054";"2005-03-15";"09:42:00";"2.3499999046";"4190.7001953";\N;\N;\N;\N;\N;\N;\N
"411";"1305";"13055";"2005-03-15";"10:58:00";"2.7100000381";"7272.3999023";\N;\N;\N;\N;\N;\N;\N
"412";"1305";"13056";"2005-03-15";"12:13:00";"3268.1999512";\N;\N;\N;\N;\N;\N;\N;\N
"413";"1305";"13057";"2005-03-15";"12:59:00";"165.25";"21654.099609";\N;\N;\N;\N;\N;\N;\N
"414";"1305";"13057";"2005-03-15";"13:14:00";"154.8500061";"9882.2998047";\N;\N;\N;\N;\N;\N;\N
"415";"1305";"13058";"2005-03-15";"15:26:00";"18.780000687";"8067.2998047";\N;\N;\N;\N;\N;\N;\N
"416";"1305";"13058";"2005-03-15";"15:41:00";"15.43999958";"7551.1000977";"0.5600000024";\N;\N;\N;\N;\N;\N
"417";"1305";"13059";"2005-03-16";"09:40:00";"2.4500000477";"3322.8999023";\N;\N;\N;\N;\N;\N;\N
"418";"1305";"13059";"2005-03-16";"10:09:00";"2.7899999619";"3031";\N;\N;\N;\N;\N;\N;\N
"419";"1305";"13060";"2005-03-14";"11:32:00";"1.8999999762";\N;"-1.044999957";\N;\N;\N;\N;\N;\N
"420";"1305";"13060";"2005-03-14";"11:49:00";"2.5";"817.79998779";\N;\N;\N;\N;\N;\N;\N
"421";"1305";"13060";"2005-03-16";"10:35:00";\N;"1974.0999756";"-4.288000107";\N;\N;\N;\N;\N;\N
"422";"1305";"13060";"2005-03-16";"10:51:00";"1.2200000286";"3368.5";"0.5469999909";\N;\N;\N;\N;\N;\N
"423";"1305";"13060";"2005-03-16";"12:48:00";\N;\N;"0.2849999964";\N;\N;\N;\N;\N;\N
"424";"1305";"13060";"2005-03-16";"13:04:00";"2.5699999332";"3566.6999512";\N;\N;\N;\N;\N;\N;\N
"425";"1305";"13060";"2005-03-16";"18:41:00";"9.2600002289";"4969";\N;\N;\N;\N;\N;\N;\N
"426";"1309";"13060";"2005-08-22";"10:44:00";"112.16999817";\N;"-4.096650124";\N;\N;\N;\N;\N;\N
"427";"1309";"13060";"2005-08-22";"11:30:00";"7401.3798828";\N;\N;\N;\N;\N;\N;\N;\N
"428";"1309";"13060";"2005-08-22";"11:55:00";"1296.7800293";\N;\N;\N;\N;\N;\N;\N;\N
"429";"1309";"13060";"2005-08-22";"12:14:00";"113.69000244";\N;\N;\N;\N;\N;\N;\N;\N
"430";"1309";"13060";"2005-08-23";"07:44:00";"159.11999512";\N;\N;\N;\N;\N;\N;\N;\N
"431";"1309";"13060";"2005-08-23";"08:15:00";"47.299999237";"8010.9301758";\N;\N;\N;\N;\N;\N;\N
"432";"1309";"13060";"2005-08-23";"11:28:00";\N;"267.54000854";\N;\N;\N;\N;\N;\N;\N
"433";"1309";"13060";"2005-08-23";"11:43:00";\N;"1043.8100586";\N;\N;\N;\N;\N;\N;\N
"434";"1305";"13061";"2005-03-16";"15:54:00";"6.7699999809";\N;\N;\N;\N;\N;\N;\N;\N
"435";"1305";"13061";"2005-03-16";"16:11:00";"3.7599999905";"6617.2001953";\N;\N;\N;\N;\N;\N;\N
"436";"1305";"13062";"2005-03-16";"16:54:00";"0.5799999833";"3743.5";\N;\N;\N;\N;\N;\N;\N
"437";"1305";"13062";"2005-03-16";"17:09:00";"1.0900000334";"2393.8999023";"0.0350000001";\N;\N;\N;\N;\N;\N
"438";"1305";"13063";"2005-03-17";"09:45:00";"12.550000191";"6216.3999023";"0.3950000107";\N;\N;\N;\N;\N;\N
"439";"1305";"13063";"2005-03-17";"10:01:00";"12.890000343";"6693.7001953";"0.2829999924";\N;\N;\N;\N;\N;\N
"440";"1309";"13064";"2005-08-21";"13:00:00";"3918.7600098";\N;\N;\N;\N;\N;\N;\N;\N
"441";"1309";"13065";"2005-08-21";"14:35:00";"4920.8999023";"3427.9799805";"0.8250300288";\N;\N;\N;\N;\N;\N
"442";"1309";"13065";"2005-08-21";"14:50:00";\N;"8691.4003906";\N;\N;\N;\N;\N;\N;\N
"443";"1309";"13066";"2005-08-21";"15:42:00";"36.950000763";"4100.7998047";\N;\N;\N;\N;\N;\N;\N
"444";"1309";"13066";"2005-08-21";"15:58:00";"12.100000381";"5989.75";\N;\N;\N;\N;\N;\N;\N
"445";"1309";"13067";"2005-08-21";"16:30:00";\N;"-5942.589844";"0.1742600054";\N;\N;\N;\N;\N;\N
"446";"1309";"13068";"2005-08-21";"17:02:00";\N;"1018.789978";"1.6389399767";\N;\N;\N;\N;\N;\N
"447";"1309";"13069";"2005-08-21";"17:43:00";"36.189998627";\N;\N;\N;\N;\N;\N;\N;\N
"448";"1309";"13070";"2005-08-22";"15:48:00";\N;"1622.6899414";\N;\N;\N;\N;\N;\N;\N
"449";"1309";"13071";"2005-08-22";"16:26:00";"36.880001068";"4415.5898438";"-0.788049996";\N;\N;\N;\N;\N;\N
"450";"1309";"13072";"2005-08-22";"17:14:00";"16.319999695";"1293.5400391";"0.1593700051";\N;\N;\N;\N;\N;\N
"451";"1309";"13073";"2005-08-23";"10:59:00";"31.049999237";\N;"0.0656199977";\N;\N;\N;\N;\N;\N
"452";"1309";"13074";"2005-08-23";"15:51:00";"13.640000343";"4527.6000977";\N;\N;\N;\N;\N;\N;\N
"453";"1309";"13074";"2005-08-23";"16:05:00";"10.640000343";"2554.6799316";"-1.150869966";\N;\N;\N;\N;\N;\N
"454";"1309";"13075";"2005-08-23";"16:34:00";\N;"1754.5";\N;\N;\N;\N;\N;\N;\N
"455";"1309";"13076";"2005-08-23";"17:37:00";\N;"4052.6699219";"1.6215200424";\N;\N;\N;\N;\N;\N
"456";"1309";"13117";"2005-08-22";"17:39:00";"12.090000153";"466.47000122";"-0.288830012";\N;\N;\N;\N;\N;\N
"457";"1401";"14001";"2005-11-14";"10:30:00";"2.5899999142";"1941";"-0.547999978";\N;\N;\N;\N;\N;\N
"458";"1401";"14001";"2005-11-14";"10:55:00";"6.5700001717";\N;"-0.828999996";\N;\N;\N;\N;\N;\N
"459";"1401";"14002";"2005-11-14";"11:27:00";"3.2999999523";\N;"-2.301000118";\N;\N;\N;\N;\N;\N
"460";"1401";"14003";"2005-11-14";"12:17:00";"4.6799998283";"555";"-5.140999794";\N;\N;\N;\N;\N;\N
"461";"1401";"14003";"2005-11-14";"12:33:00";"5.8800001144";"1140";\N;\N;\N;\N;\N;\N;\N
"462";"1401";"14004";"2005-11-14";"15:48:00";"5.7199997902";"12335";"0.1589999944";\N;\N;\N;\N;\N;\N
"463";"1401";"14004";"2005-11-14";"15:53:00";"6.4200000763";\N;"0.5749999881";\N;\N;\N;\N;\N;\N
"464";"1401";"14005";"2005-11-14";"16:24:00";"7.5199999809";"4269";"0.1400000006";\N;\N;\N;\N;\N;\N
"465";"1401";"14006";"2005-11-15";"10:40:00";"6.0399999619";\N;"-0.174999997";\N;\N;\N;\N;\N;\N
"466";"1401";"14006";"2005-11-15";"10:55:00";"5.4800000191";"1994";"-0.005";\N;\N;\N;\N;\N;\N
"467";"1401";"14007";"2005-11-15";"11:24:00";"9.6499996185";"-3645.97998";"0.6200000048";\N;\N;\N;\N;\N;\N
"468";"1401";"14008";"2005-11-15";"12:09:00";"4.1300001144";\N;"-1.516000032";\N;\N;\N;\N;\N;\N
"469";"1404";"14008";"2006-03-28";"09:57:00";"8.1700000763";"10570.799805";\N;\N;\N;\N;\N;\N;\N
"470";"1401";"14009";"2005-11-15";"16:17:00";"1.5599999428";"414";"-0.704999983";\N;\N;\N;\N;\N;\N
"471";"1401";"14009";"2005-11-15";"16:32:00";"2.0799999237";"345";"-0.432999998";\N;\N;\N;\N;\N;\N
"472";"1401";"14009";"2005-11-15";"16:55:00";"2.0299999714";"1054";"0.675999999";\N;\N;\N;\N;\N;\N
"473";"1401";"14009";"2005-11-15";"17:15:00";"2.0299999714";"1054";"0.675999999";\N;\N;\N;\N;\N;\N
"474";"1401";"14010";"2005-11-15";"18:04:00";"15.199999809";"0";"-1";\N;\N;\N;\N;\N;\N
"475";"1401";"14011";"2005-11-18";"16:43:00";"1.8999999762";"3403";"0.8920000196";\N;\N;\N;\N;\N;\N
"476";"1407";"14016";"2006-08-13";"08:31:00";"4.0380001068";"1351.4000244";\N;\N;\N;\N;\N;\N;\N
"477";"1407";"14016";"2006-08-13";"08:33:00";"2.2880001068";"1520.5999756";\N;\N;\N;\N;\N;\N;\N
"478";"1407";"14017";"2006-08-11";"09:16:00";"3.861000061";"2084.8500977";\N;\N;\N;\N;\N;\N;\N
"479";"1407";"14017";"2006-08-11";"09:56:00";"4.3070001602";"2159.7600098";\N;\N;\N;\N;\N;\N;\N
"480";"1404";"14039";"2006-03-26";"10:22:00";"2.9119999409";"1896.3499756";\N;\N;\N;\N;\N;\N;\N
"481";"1404";"14040";"2006-03-26";"11:42:00";"0.7960000038";"474.95098877";\N;\N;\N;\N;\N;\N;\N
"482";"1404";"14040";"2006-03-26";"12:15:00";"0.9470000267";"556.08099365";\N;\N;\N;\N;\N;\N;\N
"483";"1404";"14040";"2006-03-26";"12:20:00";"1.9210000038";"305.10400391";\N;\N;\N;\N;\N;\N;\N
"484";"1404";"14040";"2006-03-26";"18:07:00";"2.3380000591";"187.19400024";\N;\N;\N;\N;\N;\N;\N
"485";"1407";"14040";"2006-08-12";"10:32:00";"1.125";"758.06097412";\N;\N;\N;\N;\N;\N;\N
"486";"1404";"14041";"2006-03-26";"17:12:00";"2.993999958";"1127.0699463";\N;\N;\N;\N;\N;\N;\N
"487";"1404";"14041";"2006-03-26";"17:29:00";"6.7010002136";"1252.3100586";\N;\N;\N;\N;\N;\N;\N
"488";"1404";"14042";"2006-03-27";"16:55:00";"1.6080000401";"5539.0097656";\N;\N;\N;\N;\N;\N;\N
"489";"1404";"14043";"2006-03-28";"17:21:00";"3.5290000439";"8520.9404297";\N;\N;\N;\N;\N;\N;\N
"490";"1404";"14044";"2006-03-28";"08:27:00";"7.236000061";"2129.7399902";\N;\N;\N;\N;\N;\N;\N
"491";"1404";"14045";"2006-03-28";"08:58:00";"7.5529999733";\N;\N;\N;\N;\N;\N;\N;\N
"492";"1404";"14046";"2006-03-28";"10:56:00";"10.390999794";\N;\N;\N;\N;\N;\N;\N;\N
"493";"1404";"14047";"2006-03-28";"11:25:00";"15.456999779";"1532.0400391";\N;\N;\N;\N;\N;\N;\N
"494";"1404";"14048";"2006-03-28";"14:55:00";"6.5320000648";"996.0670166";\N;\N;\N;\N;\N;\N;\N
"495";"1404";"14048";"2006-03-28";"15:11:00";"5.4790000916";"1635.9200439";\N;\N;\N;\N;\N;\N;\N
"496";"1407";"14061";"2006-08-11";"11:11:00";"1.1670000553";"1635.9200439";\N;\N;\N;\N;\N;\N;\N
"497";"1407";"14061";"2006-08-11";"11:26:00";"1.4520000219";"1082.5699463";\N;\N;\N;\N;\N;\N;\N
"498";"1407";"14062";"2006-08-11";"16:20:00";"3.3659999371";"4233.4101562";\N;\N;\N;\N;\N;\N;\N
"499";"1407";"14063";"2006-08-12";"11:42:00";"6.5419998169";"1663.2600098";\N;\N;\N;\N;\N;\N;\N
"500";"1407";"14064";"2006-08-12";"16:21:00";"2.4049999714";"187.19400024";\N;\N;\N;\N;\N;\N;\N
"501";"1407";"14064";"2006-08-12";"16:37:00";"1.3839999437";"2365.3701172";\N;\N;\N;\N;\N;\N;\N
"502";"1407";"14065";"2006-08-12";"17:15:00";"5.3270001411";"9743";\N;\N;\N;\N;\N;\N;\N
"503";"1501";"15001";"2005-11-20";"18:20:00";"4.0500001907";"2065";"-0.753000021";\N;\N;\N;\N;\N;\N
"504";"1501";"15001";"2005-11-20";"18:34:00";\N;"1072";"0.125";\N;\N;\N;\N;\N;\N
"505";"1504";"15001";"2006-04-02";"16:37:00";"8.7189998627";"2668.4299316";\N;\N;\N;\N;\N;\N;\N
"506";"1504";"15001";"2006-04-02";"16:55:00";"14.232000351";"3387.5900879";\N;\N;\N;\N;\N;\N;\N
"507";"1501";"15002";"2005-11-21";"11:28:00";"17.719999313";"-2815";"-0.280999988";\N;\N;\N;\N;\N;\N
"508";"1501";"15002";"2005-11-21";"11:43:00";"13.380000114";"-3755";"-0.291000009";\N;\N;\N;\N;\N;\N
"509";"1501";"15003";"2005-11-21";"13:05:00";"27.969999313";\N;"-0.654999971";\N;\N;\N;\N;\N;\N
"510";"1501";"15003";"2005-11-21";"13:19:00";"40.790000916";\N;"0.1340000033";\N;\N;\N;\N;\N;\N
"511";"1501";"15004";"2005-11-22";"12:05:00";"10.819999695";"-1571";"1.3539999723";\N;\N;\N;\N;\N;\N
"512";"1501";"15004";"2005-11-22";"13:19:00";"5.8099999428";\N;"0.3359999955";\N;\N;\N;\N;\N;\N
"513";"1501";"15005";"2005-11-22";"15:19:00";"14.899999619";\N;"-0.039000001";\N;\N;\N;\N;\N;\N
"514";"1501";"15005";"2005-11-22";"15:35:00";"12.56000042";\N;"-0.42899999";\N;\N;\N;\N;\N;\N
"515";"1501";"15006";"2005-11-23";"11:42:00";"9.3800001144";"-3440";"-1.207000017";\N;\N;\N;\N;\N;\N
"516";"1501";"15006";"2005-11-23";"11:57:00";"8.3199996948";"-3035";"0.1879999936";\N;\N;\N;\N;\N;\N
"517";"1501";"15006";"2005-11-23";"12:17:00";"9.9399995804";\N;"0.1870000064";\N;\N;\N;\N;\N;\N
"518";"1501";"15006";"2005-11-23";"12:32:00";"3.9900000095";"-1110";"-0.008";\N;\N;\N;\N;\N;\N
"519";"1501";"15007";"2005-11-23";"16:27:00";"8.8999996185";"-1584";"3.621999979";\N;\N;\N;\N;\N;\N
"520";"1501";"15007";"2005-11-23";"16:34:00";"4.0999999046";"-531";"0.3409999907";\N;\N;\N;\N;\N;\N
"521";"1501";"15008";"2005-11-25";"10:02:00";"16.729999542";\N;"-0.172999993";\N;\N;\N;\N;\N;\N
"522";"1501";"15009";"2005-11-25";"12:04:00";"11.140000343";"-1144";"-0.072999999";\N;\N;\N;\N;\N;\N
"523";"1501";"15009";"2005-11-25";"12:14:00";"10.539999962";\N;"0.0729999989";\N;\N;\N;\N;\N;\N
"524";"1501";"15010";"2005-11-25";"14:04:00";"21.180000305";"157";"0.0309999995";\N;\N;\N;\N;\N;\N
"525";"1501";"15010";"2005-11-25";"14:19:00";\N;"3096";"0.5279999971";\N;\N;\N;\N;\N;\N
"526";"1501";"15010";"2005-11-25";"14:25:00";"138.05999756";"2156";"0.273999989";\N;\N;\N;\N;\N;\N
"527";"1501";"15011";"2005-11-26";"12:21:00";\N;"716";"2.2539999485";\N;\N;\N;\N;\N;\N
"528";"1501";"15011";"2005-11-26";"12:38:00";\N;"1488";"0.2099999934";\N;\N;\N;\N;\N;\N
"529";"1504";"15011";"2006-04-05";"15:52:00";"12.515000343";"2550.1499023";\N;\N;\N;\N;\N;\N;\N
"530";"1501";"15012";"2005-11-26";"16:37:00";"5.6300001144";"1949";"0.6869999766";\N;\N;\N;\N;\N;\N
"531";"1501";"15012";"2005-11-26";"16:50:00";"5.6300001144";"2281";"0.4810000062";\N;\N;\N;\N;\N;\N
"532";"1501";"15013";"2005-11-27";"10:27:00";"6.1799998283";"1172";"-0.389999986";\N;\N;\N;\N;\N;\N
"533";"1501";"15013";"2005-11-27";"10:43:00";"4.5599999428";"-632";"-0.316000015";\N;\N;\N;\N;\N;\N
"534";"1501";"15014";"2005-11-27";"14:46:00";"19";\N;"-0.513999999";\N;\N;\N;\N;\N;\N
"535";"1501";"15014";"2005-11-27";"15:19:00";"8.6700000763";"177";"-0.44600001";\N;\N;\N;\N;\N;\N
"536";"1501";"15014";"2005-11-27";"15:59:00";"18.829999924";\N;"0.6179999709";\N;\N;\N;\N;\N;\N
"537";"1501";"15014";"2005-11-27";"16:51:00";"8.1700000763";\N;"-1.549000025";\N;\N;\N;\N;\N;\N
"538";"1504";"15014";"2006-04-08";"09:49:00";"14.673999786";"1061.6099854";\N;\N;\N;\N;\N;\N;\N
"539";"1504";"15014";"2006-04-08";"10:04:00";"14.163999557";\N;\N;\N;\N;\N;\N;\N;\N
"540";"1501";"15015";"2005-11-20";"16:50:00";"7.0399999619";"1993";"-0.535000026";\N;\N;\N;\N;\N;\N
"541";"1504";"15060";"2006-04-06";"13:41:00";"4.2449998856";"3100.2399902";\N;\N;\N;\N;\N;\N;\N
"542";"1504";"15062";"2006-04-02";"09:43:00";"12.713999748";"4381.9199219";\N;\N;\N;\N;\N;\N;\N
"543";"1504";"15062";"2006-04-02";"10:02:00";"15.055000305";"6617.6499023";\N;\N;\N;\N;\N;\N;\N
"544";"1504";"15063";"2006-04-02";"10:34:00";"11.357000351";"991.32702637";\N;\N;\N;\N;\N;\N;\N
"545";"1504";"15063";"2006-04-02";"11:36:00";"7.9429998398";"1234.4499512";\N;\N;\N;\N;\N;\N;\N
"546";"1504";"15064";"2006-04-03";"09:51:00";"4.3509998322";\N;\N;\N;\N;\N;\N;\N;\N
"547";"1504";"15064";"2006-04-03";"10:05:00";"4.6700000763";"2668.4299316";\N;\N;\N;\N;\N;\N;\N
"548";"1504";"15065";"2006-04-03";"10:30:00";"34.173999786";"3038.4299316";\N;\N;\N;\N;\N;\N;\N
"549";"1504";"15066";"2006-04-04";"16:00:00";"2.4330000877";"4670.1499023";\N;\N;\N;\N;\N;\N;\N
"550";"1504";"15067";"2006-04-04";"17:02:00";"2.6229999065";"2885.9299316";\N;\N;\N;\N;\N;\N;\N
"551";"1504";"15067";"2006-04-04";"17:49:00";"4.2080001831";"1786.9599609";\N;\N;\N;\N;\N;\N;\N
"552";"1504";"15068";"2006-04-05";"11:03:00";"0.2469999939";"109.99099731";\N;\N;\N;\N;\N;\N;\N
"553";"1504";"15068";"2006-04-05";"11:23:00";"6.2160000801";"1109.0200195";\N;\N;\N;\N;\N;\N;\N
"554";"1504";"15069";"2006-04-05";"12:46:00";"1.7730000019";"1784.5799561";\N;\N;\N;\N;\N;\N;\N
"555";"1504";"15069";"2006-04-05";"13:00:00";"1.0549999475";"845.24401855";\N;\N;\N;\N;\N;\N;\N
"556";"1504";"15070";"2006-04-05";"17:56:00";"3.0550000668";\N;\N;\N;\N;\N;\N;\N;\N
"557";"1504";"15070";"2006-04-06";"12:14:00";\N;"1318.3399658";\N;\N;\N;\N;\N;\N;\N
"558";"1504";"15070";"2006-04-06";"12:32:00";"6.9429998398";"1118.2299805";\N;\N;\N;\N;\N;\N;\N
"559";"1504";"15070";"2006-04-06";"12:47:00";"3.7219998837";"909.65802002";\N;\N;\N;\N;\N;\N;\N
"560";"1504";"15071";"2006-04-06";"10:46:00";\N;"2162.4199219";\N;\N;\N;\N;\N;\N;\N
"561";"1504";"15072";"2006-04-06";"17:07:00";"6.3169999123";"563.21697998";\N;\N;\N;\N;\N;\N;\N
"562";"1504";"15072";"2006-04-06";"17:24:00";"6.2319998741";\N;\N;\N;\N;\N;\N;\N;\N
"563";"1504";"15073";"2006-04-06";"11:38:00";"6.9759998322";"5717.3999023";\N;\N;\N;\N;\N;\N;\N
"564";"1504";"15073";"2006-04-06";"11:53:00";"4.7080001831";"1718.0899658";\N;\N;\N;\N;\N;\N;\N
"565";"1504";"15074";"2006-04-07";"15:52:00";"4.1319999695";"2347.9299316";\N;\N;\N;\N;\N;\N;\N
"566";"1504";"15074";"2006-04-07";"16:07:00";"3.5260000229";"2195.6000977";\N;\N;\N;\N;\N;\N;\N
"567";"1504";"15075";"2006-04-06";"12:32:00";"6.9429998398";\N;\N;\N;\N;\N;\N;\N;\N
"568";"1507";"15100";"2006-07-31";"11:32:00";"1.6410000324";\N;\N;\N;\N;\N;\N;\N;\N
"569";"1507";"15100";"2006-07-31";"12:00:00";"2.8800001144";"657.7869873";\N;\N;\N;\N;\N;\N;\N
"570";"1507";"15101";"2006-07-31";"15:37:00";"6.2849998474";"328.07998657";\N;\N;\N;\N;\N;\N;\N
"571";"1507";"15101";"2006-07-31";"15:52:00";"4.5009999275";"299.125";\N;\N;\N;\N;\N;\N;\N
"572";"1507";"15102";"2006-07-31";"17:02:00";"6.7160000801";"-416.1109924";"-0.739000022";\N;\N;\N;\N;\N;\N
"573";"1507";"15102";"2006-07-31";"17:18:00";\N;"-1645.709961";\N;\N;\N;\N;\N;\N;\N
"574";"1507";"15103";"2006-08-01";"10:19:00";"1.6410000324";"921.25799561";\N;\N;\N;\N;\N;\N;\N
"575";"1507";"15103";"2006-08-01";"10:35:00";"2.8800001144";"1239.7900391";\N;\N;\N;\N;\N;\N;\N
"576";"1507";"15104";"2006-08-01";"12:12:00";"4.5009999275";"14212.799805";"21.100000381";\N;\N;\N;\N;\N;\N
"577";"1507";"15105";"2006-08-02";"13:02:00";"96.146003723";\N;"1.0149999857";\N;\N;\N;\N;\N;\N
"578";"1507";"15106";"2006-08-02";"13:34:00";"3.8650000095";"2483.2900391";\N;\N;\N;\N;\N;\N;\N
"579";"1507";"15106";"2006-08-02";"13:56:00";"3.9159998894";"-405.9049988";"-1.213999987";\N;\N;\N;\N;\N;\N
"580";"1507";"15107";"2006-08-03";"09:57:00";"107.05899811";\N;"0.8529999852";\N;\N;\N;\N;\N;\N
"581";"1507";"15108";"2006-08-03";"10:29:00";"3.6630001068";"807.80401611";\N;\N;\N;\N;\N;\N;\N
"582";"1507";"15109";"2006-08-04";"11:35:00";"24.465999603";"-1499.030029";\N;\N;\N;\N;\N;\N;\N
"583";"1507";"15110";"2006-08-04";"11:58:00";"1.7250000238";"62.160999298";\N;\N;\N;\N;\N;\N;\N
"584";"1507";"15110";"2006-08-04";"12:16:00";"2.6710000038";"-300.1119995";\N;\N;\N;\N;\N;\N;\N
"585";"1507";"15111";"2006-08-04";"15:11:00";"67.504997253";"-13974.09961";"-0.654999971";\N;\N;\N;\N;\N;\N
"586";"1507";"15112";"2006-08-04";"15:40:00";"2.7320001125";"-343.3139954";"-0.270999998";\N;\N;\N;\N;\N;\N
"587";"1507";"15112";"2006-08-04";"15:58:00";"4.1789999008";\N;\N;\N;\N;\N;\N;\N;\N
"588";"1507";"15113";"2006-08-05";"11:42:00";"135.55400085";"-8888.379883";"-10.62300014";\N;\N;\N;\N;\N;\N
"589";"1507";"15113";"2006-08-05";"12:17:00";"11.604999542";"-14980.09961";"-4.566999912";\N;\N;\N;\N;\N;\N
"590";"1507";"15114";"2006-08-05";"15:33:00";"15.960000038";"2370.0900879";\N;\N;\N;\N;\N;\N;\N
"591";"1507";"15115";"2006-08-06";"11:56:00";"4.6710000038";"-486.2109985";\N;\N;\N;\N;\N;\N;\N
"592";"1507";"15116";"2006-08-06";"15:55:00";"7.7680001259";\N;"-0.479999989";\N;\N;\N;\N;\N;\N
"593";"1507";"15116";"2006-08-06";"15:57:00";"2.614000082";"-781.1719971";"-0.305999994";\N;\N;\N;\N;\N;\N
"594";"1507";"15117";"2006-08-06";"17:40:00";"10.147999763";"2395.8300781";"-0.273999989";\N;\N;\N;\N;\N;\N
"595";"1507";"15117";"2006-08-06";"17:56:00";"10.32199955";"1158.9799805";"-0.774999976";\N;\N;\N;\N;\N;\N
"596";"1507";"15118";"2006-08-07";"15:59:00";"2.0840001106";"3184.0900879";\N;\N;\N;\N;\N;\N;\N
"597";"1507";"15118";"2006-08-07";"16:15:00";"3.6819999218";"1909.2399902";\N;\N;\N;\N;\N;\N;\N
"598";"1601";"16001";"2005-11-17";"09:50:00";"6.8099999428";"-145";"0.2469999939";\N;\N;\N;\N;\N;\N
"599";"1601";"16001";"2005-11-17";"10:25:00";"3.3599998951";"-4046";"-0.305000007";\N;\N;\N;\N;\N;\N
"600";"1601";"16002";"2005-11-17";"10:50:00";"2.9900000095";\N;"0.0250000004";\N;\N;\N;\N;\N;\N
"601";"1601";"16002";"2005-11-17";"11:06:00";"12.819999695";\N;"0.3379999995";\N;\N;\N;\N;\N;\N
"602";"1601";"16003";"2005-11-17";"12:06:00";"17.620000839";"101";"0.1650000066";\N;\N;\N;\N;\N;\N
"603";"1601";"16003";"2005-11-17";"12:21:00";"5.8000001907";\N;"0.7620000243";\N;\N;\N;\N;\N;\N
"604";"1601";"16004";"2005-11-17";"16:15:00";"5.7600002289";"197";"1.2009999752";\N;\N;\N;\N;\N;\N
"605";"1601";"16004";"2005-11-17";"16:30:00";"8.4099998474";"-378";"1.7749999762";\N;\N;\N;\N;\N;\N
"606";"1601";"16005";"2005-11-17";"17:14:00";"44.479999542";"2827";"-0.690999985";\N;\N;\N;\N;\N;\N
"607";"1601";"16005";"2005-11-17";"17:29:00";"57.159999847";"2005";"-0.737999976";\N;\N;\N;\N;\N;\N
"608";"1601";"16006";"2005-11-18";"09:50:00";"3.4900000095";"-855";"-0.485000014";\N;\N;\N;\N;\N;\N
"609";"1601";"16006";"2005-11-18";"10:05:00";"3.3800001144";\N;"-0.268999994";\N;\N;\N;\N;\N;\N
"610";"1601";"16007";"2005-11-18";"10:23:00";"2.3299999237";"56";"-0.894999981";\N;\N;\N;\N;\N;\N
"611";"1601";"16007";"2005-11-18";"10:39:00";"2.1700000763";\N;"-0.32100001";\N;\N;\N;\N;\N;\N
"612";"1601";"16008";"2005-11-18";"12:04:00";"4.5700001717";"124";"-0.799000025";\N;\N;\N;\N;\N;\N
"613";"1601";"16008";"2005-11-18";"12:22:00";"4.9699997902";"34";"1.3120000362";\N;\N;\N;\N;\N;\N
"614";"1604";"16008";"2006-04-01";"12:20:00";"7.6319999695";\N;\N;\N;\N;\N;\N;\N;\N
"615";"1604";"16008";"2006-04-01";"13:11:00";"6.1209998131";"5207.4301758";\N;\N;\N;\N;\N;\N;\N
"616";"1601";"16009";"2005-11-18";"16:02:00";"5.25";"4735";"0.55400002";\N;\N;\N;\N;\N;\N
"617";"1601";"16010";"2005-11-18";"16:43:00";"1.8999999762";\N;"0.8920000196";\N;\N;\N;\N;\N;\N
"618";"1601";"16011";"2005-11-19";"11:02:00";"15.279999733";"4336";"-1.462000012";\N;\N;\N;\N;\N;\N
"619";"1601";"16011";"2005-11-19";"11:17:00";"17.010000229";"7831";"-0.319999993";\N;\N;\N;\N;\N;\N
"620";"1601";"16011";"2005-11-19";"11:33:00";"38.520000458";"9150";"0.4920000136";\N;\N;\N;\N;\N;\N
"621";"1601";"16011";"2005-11-19";"11:57:00";"20.020000458";"6465";"0.3359999955";\N;\N;\N;\N;\N;\N
"622";"1601";"16012";"2005-11-20";"16:50:00";"7.0399999619";"1993";"-0.535000026";\N;\N;\N;\N;\N;\N
"623";"1604";"16044";"2006-03-29";"13:12:00";"4.4450001717";"-2109.129883";\N;\N;\N;\N;\N;\N;\N
"624";"1604";"16044";"2006-03-29";"13:26:00";"6.5830001831";"-480.5";\N;\N;\N;\N;\N;\N;\N
"625";"1604";"16045";"2006-03-29";"12:00:00";"28.254999161";\N;\N;\N;\N;\N;\N;\N;\N
"626";"1604";"16045";"2006-03-29";"12:15:00";"18.597999573";\N;\N;\N;\N;\N;\N;\N;\N
"627";"1604";"16046";"2006-03-30";"12:32:00";"1.6330000162";"797.33599854";\N;\N;\N;\N;\N;\N;\N
"628";"1604";"16047";"2006-03-30";"12:47:00";"1.8600000143";"1426.3800049";\N;\N;\N;\N;\N;\N;\N
"629";"1604";"16048";"2006-04-01";"09:51:00";"2.8819999695";"3354.6398926";\N;\N;\N;\N;\N;\N;\N
"630";"1604";"16048";"2006-04-01";"10:08:00";"10.789999962";"4410.8500977";\N;\N;\N;\N;\N;\N;\N
"631";"1604";"16049";"2006-03-30";"11:28:00";"3.9869999886";"558.86999512";\N;\N;\N;\N;\N;\N;\N
"632";"1604";"16049";"2006-03-30";"11:43:00";"4.3150000572";\N;\N;\N;\N;\N;\N;\N;\N
"633";"1604";"16050";"2006-03-29";"16:50:00";"10.479999542";\N;\N;\N;\N;\N;\N;\N;\N
"634";"1604";"16051";"2006-03-31";"11:09:00";"1.4919999838";"5954.2001953";\N;\N;\N;\N;\N;\N;\N
"635";"1604";"16051";"2006-03-31";"11:24:00";"1.0219999552";"4205.7900391";\N;\N;\N;\N;\N;\N;\N
"636";"1604";"16052";"2006-03-31";"12:41:00";"1.0609999895";"2922.0500488";\N;\N;\N;\N;\N;\N;\N
"637";"1604";"16052";"2006-03-31";"12:56:00";"1.0399999619";"4107.5600586";\N;\N;\N;\N;\N;\N;\N
"638";"1607";"16052";"2006-08-10";"17:45:00";"6.6069998741";"1482.5";"-0.699000001";\N;\N;\N;\N;\N;\N
"639";"1604";"16053";"2006-03-31";"17:00:00";"27.37100029";"9763.6396484";\N;\N;\N;\N;\N;\N;\N
"640";"1604";"16053";"2006-03-31";"17:15:00";"32.054000854";"11880";\N;\N;\N;\N;\N;\N;\N
"641";"1607";"16063";"2006-08-07";"15:59:00";"2.1459999084";"3279.2299805";\N;\N;\N;\N;\N;\N;\N
"642";"1607";"16063";"2006-08-07";"16:15:00";"3.7920000553";"1966.2900391";\N;\N;\N;\N;\N;\N;\N
"643";"1607";"16064";"2006-08-08";"10:35:00";"274.48098755";"15289.200195";\N;\N;\N;\N;\N;\N;\N
"644";"1607";"16065";"2006-08-08";"17:03:00";"6.5650000572";\N;"-0.786000013";\N;\N;\N;\N;\N;\N
"645";"1607";"16065";"2006-08-08";"17:18:00";"5.8179998398";"708.37799072";"-0.423999995";\N;\N;\N;\N;\N;\N
"646";"1607";"16066";"2006-08-09";"09:57:00";"17.993999481";"-449.3670044";"-16.16300011";\N;\N;\N;\N;\N;\N
"647";"1607";"16066";"2006-08-09";"10:19:00";"7.0859999657";\N;"-0.875";\N;\N;\N;\N;\N;\N
"648";"1607";"16067";"2006-08-09";"12:17:00";\N;"16974";\N;\N;\N;\N;\N;\N;\N
"649";"1607";"16068";"2006-08-09";"16:48:00";"66.722000122";"11465.700195";\N;\N;\N;\N;\N;\N;\N
"650";"1607";"16068";"2006-08-09";"17:05:00";"27.13999939";"-8816.290039";\N;\N;\N;\N;\N;\N;\N
"651";"1607";"16069";"2006-08-09";"18:35:00";"73.195999146";"26615.099609";\N;\N;\N;\N;\N;\N;\N
"652";"1607";"16070";"2006-08-09";"18:40:00";"23.25";"4709.4399414";\N;\N;\N;\N;\N;\N;\N
"653";"1607";"16070";"2006-08-10";"06:31:00";"99.503997803";\N;\N;\N;\N;\N;\N;\N;\N
"654";"1607";"16071";"2006-08-10";"09:35:00";"49.233001709";"-3299.350098";\N;\N;\N;\N;\N;\N;\N
