"idFluxoDifusivoInpe";"idCampanha";"idSitio";"profundidade";"CO2";"CO2_desvioPadrao";"CO2_amostras";"CH4";"CH4_desvioPadrao";"CH4_amostras";"dataMedida";"horaMedida"
"1";"803";"8126";"19.600000381";"147.76400757";"360.303009033203";"8";"1.598279953";"2.14314007759094";"8";"2004-03-16";"08:00:00"
"2";"803";"8126";"19.600000381";"170.33799744";"233.255004882812";"24";"2.8339099884";"2.27590990066528";"24";"2004-03-16";"09:00:00"
"3";"803";"8126";"19.600000381";"332.1579895";"407.72900390625";"4";"3.2832300663";"0.84311497211456";"4";"2004-03-16";"10:00:00"
"4";"803";"8126";"19.600000381";"235.21400452";"315.096984863281";"12";"-0.331070989";"3.4373300075531";"12";"2004-03-16";"12:00:00"
"5";"803";"8126";"19.600000381";"226.53300476";"538.447998046875";"24";"-0.801406026";"7.2943902015686";"24";"2004-03-16";"13:00:00"
"6";"803";"8126";"19.600000381";"111.73699951";"142.583999633789";"8";"3.5466001034";"1.38477003574371";"8";"2004-03-16";"16:00:00"
"7";"803";"8126";"19.600000381";"65.985702515";"109.751998901367";"24";"2.1477499008";"2.53709006309509";"24";"2004-03-16";"17:00:00"
"8";"803";"8126";"19.600000381";"19.751899719";"-69.197402954102";"4";"-0.862504005";"-2.8331000804901";"4";"2004-03-16";"18:00:00"
"9";"803";"8126";"19.600000381";"220.11199951";"287.701995849609";"12";"-1.67185998";"2.40323996543884";"12";"2004-03-17";"08:00:00"
"10";"803";"8126";"19.600000381";"5.059440136";"406.785003662109";"24";"0.2667109966";"2.11400008201599";"24";"2004-03-17";"09:00:00"
"11";"803";"8126";"19.600000381";"16.458799362";"56.2410011291504";"12";"-6.322319984";"7.32951021194458";"12";"2004-03-17";"12:00:00"
"12";"803";"8126";"19.600000381";"76.541000366";"220.363998413086";"24";"-3.428659916";"3.76809000968933";"24";"2004-03-17";"13:00:00"
"13";"803";"8126";"19.600000381";"441.84399414";"499.217010498047";"8";"-5.057859898";"4.22711992263794";"8";"2004-03-17";"16:00:00"
"14";"803";"8126";"19.600000381";"394.17800903";"704.416015625";"24";"-2.846179962";"3.80295991897583";"24";"2004-03-17";"17:00:00"
"15";"803";"8126";"19.600000381";"-128.7929993";"359.785003662109";"4";"-0.573455989";"2.6081600189209";"4";"2004-03-17";"18:00:00"
"16";"803";"8126";"19.600000381";"377.85900879";"499.470001220703";"4";"-7.500760078";"1.95946002006531";"4";"2004-03-17";"20:00:00"
"17";"803";"8126";"19.600000381";"469.61199951";"531.067016601562";"24";"6.3318500519";"7.41703987121582";"24";"2004-03-17";"21:00:00"
"18";"803";"8126";"19.600000381";"-37.78590012";"909.642028808594";"8";"-2.454329967";"3.16582989692688";"8";"2004-03-17";"22:00:00"
"19";"803";"8126";"19.600000381";"473.44198608";"932.476989746094";"12";"-6.434360027";"7.10279989242554";"12";"2004-03-18";"00:00:00"
"20";"803";"8126";"19.600000381";"135.98699951";"498.506988525391";"20";"5.2563700676";"8.98703956604004";"20";"2004-03-18";"01:00:00"
"21";"803";"8126";"19.600000381";"-158.6940002";"695.943969726562";"4";"0.00214996";"1.77226996421814";"4";"2004-03-18";"02:00:00"
"22";"1003";"10098";"1.7999999523";"-132.5859985";"174.666000366211";"48";"7.1218800545";"7.96944999694824";"48";"2004-03-22";"19:00:00"
"23";"1003";"10098";"1.7999999523";"-13.54069996";"287.505004882812";"48";"6.9306402206";"4.97256994247437";"48";"2004-03-22";"20:00:00"
"24";"1003";"10098";"1.7999999523";"-172.5390015";"70.5653991699219";"48";"9.2148303986";"11.1549997329712";"48";"2004-03-22";"21:00:00"
"25";"1003";"10098";"1.7999999523";"-32.75419998";"188.546005249023";"48";"7.722340107";"4.55968999862671";"48";"2004-03-22";"22:00:00"
"26";"1003";"10098";"1.7999999523";"-54.79629898";"88.3156967163086";"5";"6.7007198334";"2.94067001342773";"5";"2004-03-22";"23:00:00"
"27";"1003";"10098";"1.7999999523";"48.068901062";"415.846008300781";"31";"4.5838499069";"2.71133995056152";"31";"2004-03-23";"00:00:00"
"28";"1003";"10098";"1.7999999523";"169.19000244";"215.464996337891";"19";"3.8998599052";"1.64793002605438";"19";"2004-03-23";"01:00:00"
"29";"1003";"10098";"1.7999999523";"270.32800293";"215.744003295898";"48";"3.4640700817";"1.96887004375458";"48";"2004-03-23";"02:00:00"
"30";"1003";"10098";"1.7999999523";"196.11700439";"93.7797012329102";"48";"5.0302100182";"3.9734001159668";"48";"2004-03-23";"03:00:00"
"31";"1003";"10098";"1.7999999523";"210.53199768";"222.016006469727";"48";"6.8640899658";"9.20888996124268";"48";"2004-03-23";"04:00:00"
"32";"1003";"10098";"1.7999999523";"249.05400085";"188.197006225586";"48";"3.1686999798";"2.50628995895386";"48";"2004-03-23";"05:00:00"
"33";"1003";"10098";"1.7999999523";"86.303901672";"110.002998352051";"48";"2.872879982";"1.37521994113922";"48";"2004-03-23";"06:00:00"
"34";"1003";"10098";"1.7999999523";"103.82099915";"128.384994506836";"48";"3.1621100903";"6.42901992797852";"48";"2004-03-23";"07:00:00"
"35";"1003";"10098";"1.7999999523";"103.64099884";"160.875";"48";"1.34739995";"2.77098989486694";"48";"2004-03-23";"08:00:00"
"36";"1003";"10098";"1.7999999523";"30.049999237";"65.5502014160156";"48";"2.1210200787";"2.94791007041931";"48";"2004-03-23";"09:00:00"
"37";"1003";"10098";"1.7999999523";"-4.630360126";"138.75700378418";"48";"0.4710650146";"2.53234004974365";"48";"2004-03-23";"10:00:00"
"38";"1003";"10098";"1.7999999523";"-167.1719971";"54.3190002441406";"48";"3.2863800526";"4.72071981430054";"48";"2004-03-23";"11:00:00"
"39";"1003";"10098";"1.7999999523";"-85.02149963";"96.5994033813477";"48";"3.7500200272";"3.24036002159119";"48";"2004-03-23";"12:00:00"
"40";"1003";"10098";"1.7999999523";"-117.7360001";"109.053001403809";"48";"2.6817998886";"2.89069008827209";"48";"2004-03-23";"13:00:00"
"41";"1003";"10098";"1.7999999523";"-105.4260025";"53.8226013183594";"48";"11.28219986";"14.0621995925903";"48";"2004-03-23";"14:00:00"
"42";"1003";"10098";"1.7999999523";"2.6465198994";"38.9454002380371";"48";"10.787599564";"13.104100227356";"48";"2004-03-23";"15:00:00"
"43";"1003";"10098";"1.7999999523";"168.05200195";"154.699005126953";"48";"8.399479866";"5.24650001525879";"48";"2004-03-23";"16:00:00"
"44";"1003";"10098";"1.7999999523";"115.88999939";"296.707000732422";"48";"17.417800903";"28.7210998535156";"48";"2004-03-23";"17:00:00"
"45";"1003";"10098";"1.7999999523";"283.68899536";"277.93701171875";"48";"20.235500336";"18.3136005401611";"48";"2004-03-23";"18:00:00"
"46";"1003";"10098";"1.7999999523";"100.54599762";"156.319000244141";"48";"8.9295701981";"6.7042498588562";"48";"2004-03-23";"19:00:00"
"47";"1003";"10098";"1.7999999523";"-65.30049896";"292.420013427734";"48";"6.7057600021";"2.66335010528564";"48";"2004-03-23";"20:00:00"
"48";"1003";"10098";"1.7999999523";"-228.5829926";"215.324996948242";"48";"6.2336502075";"2.28791999816895";"48";"2004-03-23";"21:00:00"
"49";"1003";"10098";"1.7999999523";"-325.1430054";"199.477005004883";"48";"5.8779201508";"2.47659993171692";"48";"2004-03-23";"22:00:00"
"50";"1003";"10098";"1.7999999523";"-50.68470001";"211.753005981445";"48";"7.475689888";"7.83905982971191";"48";"2004-03-23";"23:00:00"
"51";"1003";"10098";"1.7999999523";"-230.6159973";"171.988998413086";"48";"5.3457899094";"1.83467996120453";"48";"2004-03-24";"00:00:00"
"52";"1003";"10098";"1.7999999523";"-9.152759552";"232.330001831055";"48";"5.5386099815";"1.93482995033264";"48";"2004-03-24";"01:00:00"
"53";"1003";"10098";"1.7999999523";"134.44500732";"195.54899597168";"48";"6.1124601364";"2.79984998703003";"48";"2004-03-24";"02:00:00"
"54";"1003";"10098";"1.7999999523";"132.81300354";"108.15599822998";"48";"10.269200325";"13.5013999938965";"48";"2004-03-24";"03:00:00"
"55";"1003";"10098";"1.7999999523";"78.112098694";"180.660995483398";"48";"6.6879000664";"3.26224994659424";"48";"2004-03-24";"04:00:00"
"56";"1003";"10098";"1.7999999523";"-40.93330002";"213.619995117188";"48";"5.5899300575";"3.60528993606567";"48";"2004-03-24";"05:00:00"
"57";"1003";"10098";"1.7999999523";"170.75500488";"190.723007202148";"48";"5.8717098236";"5.34631013870239";"48";"2004-03-24";"06:00:00"
"58";"1003";"10098";"1.7999999523";"280.80599976";"99.6498031616211";"15";"4.3003997803";"3.27535009384155";"15";"2004-03-24";"07:00:00"
"59";"1003";"10098";"1.7999999523";"36.355998993";"112.871002197266";"48";"1.9081599712";"2.62019991874695";"48";"2004-03-24";"08:00:00"
"60";"1003";"10098";"1.7999999523";"-59.87799835";"92.7932968139648";"48";"1.8393800259";"2.85555005073547";"48";"2004-03-24";"09:00:00"
"61";"1003";"10098";"1.7999999523";"-269.677002";"78.0808029174805";"48";"2.8852701187";"5.97770977020264";"48";"2004-03-24";"10:00:00"
"62";"1003";"10098";"1.7999999523";"-307.5899963";"86.5941009521484";"48";"6.1384501457";"9.80788040161133";"48";"2004-03-24";"11:00:00"
"63";"1003";"10098";"1.7999999523";"-291.0690002";"70.2424011230469";"48";"22.26720047";"43.9684982299805";"48";"2004-03-24";"12:00:00"
"64";"1003";"10098";"1.7999999523";"-119.1959991";"124.789001464844";"2";"13.298899651";"9.08203983306885";"2";"2004-03-24";"13:00:00"
"65";"1003";"10098";"1.7999999523";"113.00700378";"105.910003662109";"12";"3.8520200253";"3.45668005943298";"12";"2004-03-24";"14:00:00"
"66";"1003";"10098";"1.7999999523";"30.407300949";"109.939002990723";"48";"5.2437300682";"2.65899991989136";"48";"2004-03-24";"15:00:00"
"67";"1003";"10098";"1.7999999523";"51.455001831";"118.453002929688";"48";"6.3739600182";"2.23004007339478";"48";"2004-03-24";"16:00:00"
"68";"1003";"10098";"1.7999999523";"2.1091001034";"100.763000488281";"48";"8.500579834";"7.39982986450195";"48";"2004-03-24";"17:00:00"
"69";"1003";"10098";"1.7999999523";"57.185600281";"106.499000549316";"48";"7.4671401978";"4.94641017913818";"48";"2004-03-24";"18:00:00"
"70";"1003";"10098";"1.7999999523";"27.553300858";"168.285003662109";"48";"6.3250498772";"2.23815989494324";"48";"2004-03-24";"19:00:00"
"71";"1003";"10098";"1.7999999523";"-63.81529999";"140.658004760742";"48";"6.993830204";"6.85725021362305";"48";"2004-03-24";"20:00:00"
"72";"1003";"10098";"1.7999999523";"62.208499908";"162.358993530273";"48";"4.499229908";"2.21104001998901";"48";"2004-03-24";"21:00:00"
"73";"1003";"10098";"1.7999999523";"68.351799011";"281.230987548828";"48";"4.4062099457";"2.00134992599487";"48";"2004-03-24";"22:00:00"
"74";"1003";"10098";"1.7999999523";"-39.13899994";"99.8574981689453";"48";"4.9781599045";"1.64086997509003";"48";"2004-03-24";"23:00:00"
"75";"1003";"10098";"1.7999999523";"-39.58010101";"104.116996765137";"48";"5.1167697906";"1.8335599899292";"48";"2004-03-25";"00:00:00"
"76";"1003";"10098";"1.7999999523";"-57.76599884";"104.359001159668";"48";"5.4633598328";"2.62773990631104";"48";"2004-03-25";"01:00:00"
"77";"1003";"10098";"1.7999999523";"-193.2920074";"251.660995483398";"48";"7.3097400665";"6.599289894104";"48";"2004-03-25";"02:00:00"
"78";"1003";"10098";"1.7999999523";"-129.5209961";"186.602005004883";"48";"5.132999897";"2.17510008811951";"48";"2004-03-25";"03:00:00"
"79";"1003";"10098";"1.7999999523";"44.45690155";"90.8824996948242";"48";"5.6502799988";"3.80330991744995";"48";"2004-03-25";"04:00:00"
"80";"1003";"10098";"1.7999999523";"-100.6110001";"167.833999633789";"48";"6.6540498734";"4.70666980743408";"48";"2004-03-25";"05:00:00"
"81";"1003";"10098";"1.7999999523";"97.840400696";"271.515014648438";"48";"38.46149826";"70.2931976318359";"48";"2004-03-25";"06:00:00"
"82";"1003";"10098";"1.7999999523";"113.99900055";"106.019996643066";"48";"17.491500854";"21.9507007598877";"48";"2004-03-25";"07:00:00"
"83";"1003";"10098";"1.7999999523";"15.436599731";"84.013298034668";"38";"10.200400352";"17.4664001464844";"38";"2004-03-25";"08:00:00"
"84";"1303";"13118";"3";"-100.0780029";"27.8757991790771";"9";"50.451099396";"0.21484200656414";"9";"2005-03-12";"00:00:00"
"85";"1303";"13118";"3";"-199.7089996";"28.156400680542";"9";"49.3606987";"0.46043699979782";"9";"2005-03-12";"01:00:00"
"86";"1303";"13118";"3";"-276.2929993";"12.2318000793457";"9";"47.250499725";"0.68554997444153";"9";"2005-03-12";"02:00:00"
"87";"1303";"13118";"3";"-271.7969971";"5.3749098777771";"9";"44.719600677";"0.70863300561905";"9";"2005-03-12";"03:00:00"
"88";"1303";"13118";"3";"-302.7669983";"16.2562007904053";"9";"42.41009903";"0.65920102596283";"9";"2005-03-12";"04:00:00"
"89";"1303";"13118";"3";"-311.1849976";"37.6922988891602";"9";"40.606098175";"0.28913399577141";"9";"2005-03-12";"05:00:00"
"90";"1303";"13118";"3";"15.987600327";"160.100006103516";"9";"40.449298859";"0.20542000234127";"9";"2005-03-12";"06:00:00"
"91";"1303";"13118";"3";"540.11999512";"87.9241027832031";"9";"42.261100769";"0.70759701728821";"9";"2005-03-12";"07:00:00"
"92";"1303";"13118";"3";"584.0960083";"51.606201171875";"9";"44.150600433";"0.37169501185417";"9";"2005-03-12";"08:00:00"
"93";"1303";"13118";"3";"315.37701416";"71.8889999389648";"9";"44.598999023";"0.0622496008873";"9";"2005-03-12";"09:00:00"
"94";"1303";"13118";"3";"155.72099304";"26.7917995452881";"9";"43.96969986";"0.21791400015354";"9";"2005-03-12";"10:00:00"
"95";"1303";"13118";"3";"56.138801575";"22.6362991333008";"9";"43.533798218";"0.06777410209179";"9";"2005-03-12";"11:00:00"
"96";"1303";"13118";"3";"23.559400558";"6.0414400100708";"9";"43.227600098";"0.17289200425148";"9";"2005-03-12";"12:00:00"
"97";"1303";"13118";"3";"155.59500122";"72.1268997192383";"9";"42.359401703";"0.30163899064064";"9";"2005-03-12";"13:00:00"
"98";"1303";"13118";"3";"461.84500122";"104.206001281738";"9";"41.524101257";"0.12064100056887";"9";"2005-03-12";"14:00:00"
"99";"1303";"13118";"3";"677.35198975";"22.9228992462158";"9";"41.806098938";"0.10216400027275";"9";"2005-03-12";"15:00:00"
"100";"1303";"13118";"3";"401.8420105";"117.450996398926";"9";"42.983398438";"0.53208500146866";"9";"2005-03-12";"16:00:00"
"101";"1303";"13118";"3";"21.566699982";"77.815299987793";"9";"44.97259903";"0.37886801362038";"9";"2005-03-12";"17:00:00"
"102";"1303";"13118";"3";"-106.3119965";"7.41473007202148";"9";"45.154800415";"0.1027449965477";"9";"2005-03-12";"18:00:00"
"103";"1303";"13118";"3";"-133.3209991";"10.7318000793457";"9";"44.566699982";"0.121979996562";"9";"2005-03-12";"19:00:00"
"104";"1303";"13118";"3";"-146.8430023";"4.53806018829346";"9";"44.819198608";"0.18809700012207";"9";"2005-03-12";"20:00:00"
"105";"1303";"13118";"3";"-107.7310028";"17.7183990478516";"9";"45.79650116";"0.33794501423836";"9";"2005-03-12";"21:00:00"
"106";"1303";"13118";"3";"-59.78170013";"7.28976011276245";"9";"46.740600586";"0.1851370036602";"9";"2005-03-12";"22:00:00"
"107";"1303";"13118";"3";"-97.59339905";"26.2947998046875";"9";"46.858001709";"0.07749229669571";"9";"2005-03-12";"23:00:00"
"108";"1303";"13118";"3";"-211.5769958";"37.8465003967285";"9";"46.345600128";"0.27998200058937";"9";"2005-03-13";"00:00:00"
"109";"1303";"13118";"3";"-316.9960022";"19.8647003173828";"9";"44.661598206";"0.65358698368073";"9";"2005-03-13";"01:00:00"
"110";"1303";"13118";"3";"-332.3399963";"11.1293001174927";"9";"42.217700958";"0.63156300783157";"9";"2005-03-13";"02:00:00"
"111";"1303";"13118";"3";"-318.0950012";"13.5424995422363";"9";"40.316699982";"0.39190700650215";"9";"2005-03-13";"03:00:00"
"112";"1303";"13118";"3";"-318.1170044";"38.9379997253418";"9";"39.179000854";"0.24586699903011";"9";"2005-03-13";"04:00:00"
"113";"1303";"13118";"3";"-20.79389954";"104.577003479004";"9";"39.185100555";"0.27045699954033";"9";"2005-03-13";"05:00:00"
"114";"1303";"13118";"3";"270.91500854";"68.8191986083984";"9";"41.076000214";"0.86777502298355";"9";"2005-03-13";"06:00:00"
"115";"1303";"13118";"3";"409.2829895";"42.6231994628906";"9";"44.198699951";"0.7527379989624";"9";"2005-03-13";"07:00:00"
"116";"1303";"13118";"3";"782.02301025";"151.126007080078";"9";"46.352298737";"0.41931399703026";"9";"2005-03-13";"08:00:00"
"117";"1303";"13118";"3";"1128.5699463";"34.122501373291";"9";"46.760799408";"0.22836600244045";"9";"2005-03-13";"09:00:00"
"118";"1303";"13118";"3";"778.40698242";"137.123992919922";"9";"45.224201202";"0.53842002153397";"9";"2005-03-13";"10:00:00"
"119";"1303";"13118";"3";"450.65301514";"32.7448997497559";"9";"43.648601532";"0.26082000136375";"9";"2005-03-13";"11:00:00"
"120";"1303";"13118";"3";"493.51699829";"42.4006004333496";"9";"43.138801575";"0.12979300320148";"9";"2005-03-13";"12:00:00"
"121";"1303";"13118";"3";"573.440979";"11.0048999786377";"9";"42.776298523";"0.07474809885025";"9";"2005-03-13";"13:00:00"
"122";"1303";"13118";"3";"460.05999756";"59.3853988647461";"9";"43.023799896";"0.27712801098824";"9";"2005-03-13";"14:00:00"
"123";"1303";"13118";"3";"148.67900085";"90.2273025512695";"9";"44.568698883";"0.5017009973526";"9";"2005-03-13";"15:00:00"
"124";"1303";"13118";"3";"11.623999596";"19.676700592041";"9";"46.030200958";"0.45215699076653";"9";"2005-03-13";"16:00:00"
"125";"1303";"13118";"3";"207.09899902";"71.8898010253906";"9";"47.373699188";"0.20703899860382";"9";"2005-03-13";"17:00:00"
"126";"1303";"13118";"3";"365.23400879";"11.5586996078491";"9";"47.378799438";"0.2175880074501";"9";"2005-03-13";"18:00:00"
"127";"1303";"13118";"3";"297.43798828";"37.222599029541";"9";"46.401298523";"0.26267299056053";"9";"2005-03-13";"19:00:00"
"128";"1303";"13118";"3";"198.61999512";"12.8452997207642";"9";"45.752101898";"0.12841899693012";"9";"2005-03-13";"20:00:00"
"129";"1303";"13118";"3";"305.57699585";"64.1194000244141";"9";"45.308700562";"0.11456400156021";"9";"2005-03-13";"21:00:00"
"130";"1303";"13118";"3";"504.74499512";"41.1506996154785";"9";"45.106498718";"0.04206670075655";"9";"2005-03-13";"22:00:00"
"131";"1303";"13118";"3";"448.01000977";"73.0885009765625";"9";"44.606601715";"0.28188401460648";"9";"2005-03-13";"23:00:00"
"132";"1303";"13118";"3";"104.83899689";"98.5351028442383";"9";"43.180099487";"0.50585502386093";"9";"2005-03-14";"00:00:00"
"133";"1303";"13118";"3";"-133.927002";"29.2686004638672";"9";"41.172401428";"0.56506299972534";"9";"2005-03-14";"01:00:00"
"134";"1303";"13118";"3";"-101.8499985";"33.089298248291";"9";"39.817001343";"0.1513669937849";"9";"2005-03-14";"02:00:00"
"135";"1303";"13118";"3";"8.8268404007";"26.1996994018555";"9";"39.493801117";"0.12358599901199";"9";"2005-03-14";"03:00:00"
"136";"1303";"13118";"3";"58.476600647";"6.94893980026245";"9";"38.661598206";"0.40774899721146";"9";"2005-03-14";"04:00:00"
"137";"1303";"13118";"3";"-13.24909973";"24.951000213623";"9";"36.896800995";"0.50325697660446";"9";"2005-03-14";"05:00:00"
"138";"1303";"13118";"3";"-36.50120163";"23.3794994354248";"9";"36.149200439";"0.20239700376987";"9";"2005-03-14";"06:00:00"
"139";"1303";"13118";"3";"186.49200439";"88.0090026855469";"9";"37.915500641";"0.67077499628067";"9";"2005-03-14";"07:00:00"
"140";"1303";"13118";"3";"415.62399292";"57.3675994873047";"9";"39.934501648";"0.64367997646332";"9";"2005-03-14";"08:00:00"
"141";"1303";"13118";"3";"486.11599731";"3.28100991249084";"9";"41.85559845";"0.40319201350212";"9";"2005-03-14";"09:00:00"
"142";"1303";"13118";"3";"466.4670105";"4.32812976837158";"9";"43.085601807";"0.27698799967766";"9";"2005-03-14";"10:00:00"
"143";"1303";"13118";"3";"485.38198853";"14.8304996490479";"9";"43.715698242";"0.0681572034955";"9";"2005-03-14";"11:00:00"
"144";"1303";"13118";"3";"560.59100342";"29.6291007995605";"9";"43.603000641";"0.17778399586678";"9";"2005-03-14";"12:00:00"
"145";"1303";"13118";"3";"674.70098877";"26.548900604248";"9";"42.596401215";"0.29642701148987";"9";"2005-03-14";"13:00:00"
"146";"1303";"13118";"3";"688.33099365";"21.1951007843018";"9";"42.046199799";"0.08882500231266";"9";"2005-03-14";"14:00:00"
"147";"1303";"13118";"3";"544.03302002";"54.1192016601562";"9";"43.467098236";"0.70044499635696";"9";"2005-03-14";"15:00:00"
"148";"1303";"13118";"3";"335.74398804";"62.0661010742188";"9";"45.751998901";"0.40983700752258";"9";"2005-03-14";"16:00:00"
"149";"1303";"13118";"3";"115.15699768";"56.8657989501953";"9";"46.421798706";"0.06418470293283";"9";"2005-03-14";"17:00:00"
"150";"1303";"13118";"3";"8.3774700165";"11.055100440979";"9";"46.387199402";"0.13674399256706";"9";"2005-03-14";"18:00:00"
"151";"1303";"13118";"3";"115.65399933";"43.6188011169434";"9";"47.198101044";"0.22005699574947";"9";"2005-03-14";"19:00:00"
"152";"1303";"13118";"3";"238.125";"26.199800491333";"9";"47.033901215";"0.33715400099754";"9";"2005-03-14";"20:00:00"
"153";"1303";"13118";"3";"252.10499573";"10.1888999938965";"9";"45.005199432";"0.78589099645615";"9";"2005-03-14";"21:00:00"
"154";"1303";"13118";"3";"255.82099915";"16.0580005645752";"9";"42.197299957";"0.89557999372482";"9";"2005-03-14";"22:00:00"
"155";"1303";"13118";"3";"343.9039917";"22.9666996002197";"9";"38.766998291";"1.04498994350433";"9";"2005-03-14";"23:00:00"
"156";"1303";"13118";"3";"373.58599854";"2.45553994178772";"9";"35.650299072";"0.76460099220276";"9";"2005-03-15";"00:00:00"
"157";"1303";"13118";"3";"346.55099487";"10.6073999404907";"9";"33.832099915";"0.24788999557495";"9";"2005-03-15";"01:00:00"
"158";"1303";"13118";"3";"314.32199097";"4.90192985534668";"9";"33.738800049";"0.16551299393177";"9";"2005-03-15";"02:00:00"
"159";"1303";"13118";"3";"312.09698486";"2.28190994262695";"9";"34.191101074";"0.03762109950185";"9";"2005-03-15";"03:00:00"
"160";"1303";"13118";"3";"337.70199585";"13.3311004638672";"9";"33.756099701";"0.24862599372864";"9";"2005-03-15";"04:00:00"
"161";"1303";"13118";"3";"396.17300415";"18.8582992553711";"9";"32.737998962";"0.29233500361443";"9";"2005-03-15";"05:00:00"
"162";"1303";"13118";"3";"509.93899536";"55.6262016296387";"9";"32.184101105";"0.04848729819059";"9";"2005-03-15";"06:00:00"
"163";"1303";"13118";"3";"754.2130127";"69.4156036376953";"9";"32.511001587";"0.10328800231218";"9";"2005-03-15";"07:00:00"
"164";"1303";"13118";"3";"945.88897705";"27.4101009368896";"9";"32.499198914";"0.08621100336313";"9";"2005-03-15";"08:00:00"
"165";"1303";"13118";"3";"895.559021";"49.1593017578125";"9";"32.35559845";"0.1983540058136";"9";"2005-03-15";"09:00:00"
"166";"1303";"13118";"3";"640.94500732";"88.5423965454102";"9";"34.741798401";"1.12554001808167";"9";"2005-03-15";"10:00:00"
"167";"1303";"13118";"3";"369.01901245";"42.5730018615723";"9";"39.030799866";"1.03237998485565";"9";"2005-03-15";"11:00:00"
"168";"1303";"13118";"3";"401.74798584";"49.5929985046387";"9";"40.974498749";"0.17368699610233";"9";"2005-03-15";"12:00:00"
"169";"1303";"13118";"3";"636.01800537";"66.2752990722656";"9";"39.497600555";"0.72849398851395";"9";"2005-03-15";"13:00:00"
"170";"1303";"13118";"3";"727.98400879";"21.2591991424561";"9";"37.53950119";"0.36514800786972";"9";"2005-03-15";"14:00:00"
"171";"1303";"13118";"3";"567.89300537";"58.9608001708984";"9";"37.742401123";"0.41615700721741";"9";"2005-03-15";"15:00:00"
"172";"1303";"13118";"3";"377.79299927";"50.1134986877441";"9";"39.810501099";"0.80642402172089";"9";"2005-03-15";"16:00:00"
"173";"1303";"13118";"3";"311.0710144";"17.1177005767822";"9";"42.578701019";"0.59909099340439";"9";"2005-03-15";"17:00:00"
"174";"1303";"13118";"3";"343.76098633";"19.653299331665";"9";"42.698501587";"0.63687002658844";"9";"2005-03-15";"18:00:00"
"175";"1303";"13118";"3";"170.63499451";"79.3230972290039";"9";"38.010700226";"1.89007997512817";"9";"2005-03-15";"19:00:00"
"176";"1303";"13118";"3";"-150.6049957";"97.5488967895508";"9";"31.855300903";"1.70960998535156";"9";"2005-03-15";"20:00:00"
"177";"1303";"13118";"3";"-344.9400024";"10.3641996383667";"9";"27.144599915";"0.84997802972794";"9";"2005-03-15";"21:00:00"
"178";"1303";"13118";"3";"-259.7189941";"62.7605018615723";"9";"25.327199936";"0.29986700415611";"9";"2005-03-15";"22:00:00"
"179";"1303";"13118";"3";"72.426200867";"110.305000305176";"9";"24.554700851";"0.24947899580002";"9";"2005-03-15";"23:00:00"
"180";"1303";"13118";"3";"468.89401245";"95.3904037475586";"9";"23.478700638";"0.27996298670769";"9";"2005-03-16";"00:00:00"
"181";"1303";"13118";"3";"654.08898926";"13.1309003829956";"9";"22.807699203";"0.07012049853802";"9";"2005-03-16";"01:00:00"
"182";"1303";"13118";"3";"476.44500732";"83.3448028564453";"9";"23.340900421";"0.30831900238991";"9";"2005-03-16";"02:00:00"
"183";"1303";"13118";"3";"190.64399719";"68.9281997680664";"9";"24.62210083";"0.39153400063515";"9";"2005-03-16";"03:00:00"
"184";"1303";"13118";"3";"46.6833992";"13.8263998031616";"9";"25.934499741";"0.43397200107574";"9";"2005-03-16";"04:00:00"
"185";"1303";"13118";"3";"158.92399597";"68.3031005859375";"9";"27.22179985";"0.25126099586487";"9";"2005-03-16";"05:00:00"
"186";"1303";"13118";"3";"552.30200195";"168.507995605469";"9";"27.91230011";"0.23409999907017";"9";"2005-03-16";"06:00:00"
"187";"1303";"13118";"3";"1055.1999512";"72.0503005981445";"9";"28.729200363";"0.20149500668049";"9";"2005-03-16";"07:00:00"
"188";"1303";"13118";"3";"1063.8399658";"64.8076019287109";"9";"29.165399551";"0.08749619871378";"9";"2005-03-16";"08:00:00"
"189";"1303";"13118";"3";"682.87799072";"111.934997558594";"9";"29.124399185";"0.06722970306873";"9";"2005-03-16";"09:00:00"
"190";"1303";"13118";"3";"489.97000122";"7.33991003036499";"9";"28.705499649";"0.17075699567795";"9";"2005-03-16";"10:00:00"
"191";"1303";"13118";"3";"565.46099854";"42.3877983093262";"9";"27.752599716";"0.3604120016098";"9";"2005-03-16";"11:00:00"
"192";"1303";"13118";"3";"691.23699951";"32.423900604248";"9";"26.419399261";"0.36469799280167";"9";"2005-03-16";"12:00:00"
"193";"1303";"13118";"3";"788.86798096";"22.8190002441406";"9";"25.840400696";"0.15482200682163";"9";"2005-03-16";"13:00:00"
"194";"1303";"13118";"3";"821.04498291";"6.88960981369019";"9";"26.938800812";"0.49542599916458";"9";"2005-03-16";"14:00:00"
"195";"1303";"13118";"3";"778.0579834";"23.0526008605957";"9";"29.057800293";"0.52902501821518";"9";"2005-03-16";"15:00:00"
"196";"1303";"13118";"3";"716.40197754";"6.4439001083374";"9";"30.921699524";"0.60343700647354";"9";"2005-03-16";"16:00:00"
"197";"1303";"13118";"3";"718.25402832";"23.6916007995605";"9";"33.87279892";"1.00514996051788";"9";"2005-03-16";"17:00:00"
"198";"1303";"13118";"3";"549.98999023";"70.3712005615234";"9";"36.629398346";"0.37731298804283";"9";"2005-03-16";"18:00:00"
"199";"1303";"13118";"3";"287.53601074";"54.4454002380371";"9";"36.366401672";"0.50447398424149";"9";"2005-03-16";"19:00:00"
"200";"1303";"13118";"3";"293.88101196";"58.7168006896973";"9";"34.145500183";"0.81839799880981";"9";"2005-03-16";"20:00:00"
"201";"1303";"13118";"3";"587.01501465";"85.0392990112305";"9";"31.208099365";"0.70680099725723";"9";"2005-03-16";"21:00:00"
"202";"1303";"13118";"3";"768.30700684";"21.3663997650146";"9";"30.112699509";"0.20966699719429";"9";"2005-03-16";"22:00:00"
"203";"1303";"13118";"3";"724.43798828";"32.6165008544922";"9";"31.719299316";"0.56609702110291";"9";"2005-03-16";"23:00:00"
"204";"1303";"13118";"3";"613.42199707";"34.7756996154785";"9";"33.150299072";"0.25919899344444";"9";"2005-03-17";"00:00:00"
"205";"1303";"13118";"3";"481.60198975";"36.4711990356445";"9";"33.747200012";"0.23102599382401";"9";"2005-03-17";"01:00:00"
"206";"1303";"13118";"3";"428.06500244";"22.5046997070312";"9";"35.893001556";"0.94596701860428";"9";"2005-03-17";"02:00:00"
"207";"1303";"13118";"3";"621.01501465";"71.7076034545898";"9";"38.674098969";"0.38221201300621";"9";"2005-03-17";"03:00:00"
"208";"1303";"13118";"3";"779.62701416";"18.2492008209229";"9";"38.015399933";"0.58268398046494";"9";"2005-03-17";"04:00:00"
"209";"1303";"13118";"3";"735.22198486";"27.7847995758057";"9";"35.880001068";"0.48392701148987";"9";"2005-03-17";"05:00:00"
"210";"1303";"13118";"3";"720.60601807";"28.7856998443604";"9";"35.007801056";"0.07421720027924";"9";"2005-03-17";"06:00:00"
"211";"1303";"13118";"3";"930.59698486";"84.7042007446289";"9";"34.977100372";"0.10658600181341";"9";"2005-03-17";"07:00:00"
"212";"1303";"13118";"3";"1247.1999512";"73.8315963745117";"9";"34.273601532";"0.22024400532246";"9";"2005-03-17";"08:00:00"
"213";"1303";"13118";"3";"1330.3699951";"36.6747016906738";"9";"33.574901581";"0.07325220108032";"9";"2005-03-17";"09:00:00"
"214";"1303";"13118";"3";"1028.5400391";"124.861999511719";"9";"34.247501373";"0.3016420006752";"9";"2005-03-17";"10:00:00"
"215";"1303";"13118";"3";"616.88098145";"84.1120986938477";"9";"33.99489975";"0.49940499663353";"9";"2005-03-17";"11:00:00"
"216";"1303";"13118";"3";"467.30999756";"11.7853002548218";"9";"31.650699615";"0.77282798290253";"9";"2005-03-17";"12:00:00"
"217";"1303";"13118";"3";"588.07098389";"63.7137985229492";"9";"31.3791008";"0.70287799835205";"9";"2005-03-17";"13:00:00"
"218";"1303";"13118";"3";"768.80499268";"31.263500213623";"9";"35.269199371";"1.50268995761871";"9";"2005-03-17";"14:00:00"
"219";"1303";"13118";"3";"688.52801514";"76.1334991455078";"9";"39.925701141";"0.86437100172043";"9";"2005-03-17";"15:00:00"
"220";"1303";"13118";"3";"333.32901001";"97.7922973632812";"9";"40.366500854";"0.6603239774704";"9";"2005-03-17";"16:00:00"
"221";"1303";"13118";"3";"87.329498291";"36.1619987487793";"9";"37.022399902";"1.03280997276306";"9";"2005-03-17";"17:00:00"
"222";"1303";"13118";"3";"73.38760376";"22.7141990661621";"9";"33.873901367";"0.55137801170349";"9";"2005-03-17";"18:00:00"
"223";"1303";"13118";"3";"166.53300476";"20.9822998046875";"9";"32.908500671";"0.04997770115733";"9";"2005-03-17";"19:00:00"
"224";"1303";"13118";"3";"199.9980011";"3.44813990592957";"9";"32.757400513";"0.08504349738359";"9";"2005-03-17";"20:00:00"
"225";"1303";"13118";"3";"155.04499817";"20.605899810791";"9";"32.150798798";"0.33940100669861";"9";"2005-03-17";"21:00:00"
"226";"1303";"13118";"3";"85.166702271";"21.3908996582031";"9";"30.562999725";"0.58092802762985";"9";"2005-03-17";"22:00:00"
"227";"1303";"13118";"3";"42.228500366";"8.37364959716797";"9";"28.733400345";"0.36081200838089";"9";"2005-03-17";"23:00:00"
"228";"1303";"13118";"3";"137.90600586";"49.3055992126465";"9";"28.217699051";"0.06986030191183";"9";"2005-03-18";"00:00:00"
"229";"1303";"13118";"3";"340.77999878";"57.9506988525391";"9";"28.850400925";"0.27311998605728";"9";"2005-03-18";"01:00:00"
"230";"1303";"13118";"3";"518.04498291";"39.0102996826172";"9";"29.499300003";"0.08975300192833";"9";"2005-03-18";"02:00:00"
"231";"1303";"13118";"3";"652.38500977";"40.109001159668";"9";"29.54129982";"0.08601170033216";"9";"2005-03-18";"03:00:00"
"232";"1303";"13118";"3";"753.20800781";"13.9326000213623";"9";"28.947900772";"0.23059900105";"9";"2005-03-18";"04:00:00"
"233";"1303";"13118";"3";"703.89300537";"29.1256999969482";"9";"28.563199997";"0.04155129939318";"9";"2005-03-18";"05:00:00"
"234";"1303";"13118";"3";"683.14001465";"27.6534996032715";"9";"29.002500534";"0.22315700352192";"9";"2005-03-18";"06:00:00"
"235";"1303";"13118";"3";"871.27099609";"63.7704010009766";"9";"29.561000824";"0.06185929849744";"9";"2005-03-18";"07:00:00"
"236";"1303";"13118";"3";"1038.4100342";"30.513500213623";"9";"29.125900269";"0.23296700417995";"9";"2005-03-18";"08:00:00"
"237";"1303";"13118";"3";"1042.6099854";"14.9657001495361";"9";"28.645399094";"0.08525569736958";"9";"2005-03-18";"09:00:00"
"238";"1303";"13118";"3";"1007.6599731";"14.2285995483398";"9";"29.600000381";"0.31952801346779";"9";"2005-03-18";"10:00:00"
"239";"1303";"13118";"3";"958.98498535";"6.96460008621216";"9";"29.975500107";"0.13193599879742";"9";"2005-03-18";"11:00:00"
"240";"1303";"13118";"3";"892.59100342";"42.7074012756348";"9";"29.097099304";"0.33214300870895";"9";"2005-03-18";"12:00:00"
"241";"1303";"13118";"3";"694.15802002";"49.9926986694336";"9";"28.16519928";"0.1606419980526";"9";"2005-03-18";"13:00:00"
"242";"1303";"13118";"3";"574.04302979";"19.5317001342773";"9";"28.146299362";"0.1397510021925";"9";"2005-03-18";"14:00:00"
"243";"1303";"13118";"3";"574.01000977";"9.45223045349121";"9";"28.976699829";"0.30495199561119";"9";"2005-03-18";"15:00:00"
"244";"1303";"13118";"3";"589.58502197";"5.3333101272583";"9";"30.252700806";"0.46301499009132";"9";"2005-03-18";"16:00:00"
"245";"1303";"13118";"3";"557.52301025";"12.3542003631592";"9";"32.466098785";"0.70685398578644";"9";"2005-03-18";"17:00:00"
"246";"1303";"13118";"3";"477.4119873";"28.324800491333";"9";"34.673099518";"0.4352970123291";"9";"2005-03-18";"18:00:00"
"247";"1303";"13118";"3";"399.14801025";"10.3387002944946";"9";"35.430500031";"0.06853359937668";"9";"2005-03-18";"19:00:00"
"248";"1303";"13118";"3";"425.48599243";"23.235200881958";"9";"35.895698547";"0.228237003088";"9";"2005-03-18";"20:00:00"
"249";"1303";"13118";"3";"472.98199463";"10.645899772644";"9";"36.832500458";"0.22394900023937";"9";"2005-03-18";"21:00:00"
"250";"1303";"13118";"3";"382.15899658";"41.3358001708984";"9";"37.059398651";"0.09785290062428";"9";"2005-03-18";"22:00:00"
"251";"1303";"13118";"3";"293.1499939";"10.3878002166748";"9";"36.48210144";"0.21696700155735";"9";"2005-03-18";"23:00:00"
"252";"1303";"13118";"3";"394.94299316";"46.9080009460449";"9";"35.573001862";"0.32839199900627";"9";"2005-03-19";"00:00:00"
"253";"1303";"13118";"3";"517.89001465";"16.449499130249";"9";"34.305500031";"0.42653900384903";"9";"2005-03-19";"01:00:00"
"254";"1303";"13118";"3";"511.67098999";"16.9211006164551";"9";"32.330799103";"0.5908539891243";"9";"2005-03-19";"02:00:00"
"255";"1303";"13118";"3";"439.1960144";"18.4794006347656";"9";"30.413499832";"0.44618600606918";"9";"2005-03-19";"03:00:00"
"256";"1303";"13118";"3";"406.52398682";"5.65708017349243";"9";"29.454000473";"0.16895900666714";"9";"2005-03-19";"04:00:00"
"257";"1303";"13118";"3";"390.60299683";"3.57491993904114";"9";"28.823200226";"0.25414600968361";"9";"2005-03-19";"05:00:00"
"258";"1303";"13118";"3";"463.42199707";"50.7290000915527";"9";"28.104000092";"0.1152980029583";"9";"2005-03-19";"06:00:00"
"259";"1303";"13118";"3";"765.94897461";"99.9738998413086";"9";"28.108299255";"0.12973499298096";"9";"2005-03-19";"07:00:00"
"260";"1303";"13118";"3";"1001.0599976";"24.1424999237061";"9";"28.531700134";"0.03013269975781";"9";"2005-03-19";"08:00:00"
"261";"1303";"13118";"3";"962.93701172";"37.4001998901367";"9";"28.112800598";"0.24757200479507";"9";"2005-03-19";"09:00:00"
"262";"1303";"13118";"3";"845.08599854";"18.0123996734619";"9";"26.97480011";"0.33478599786758";"9";"2005-03-19";"10:00:00"
"263";"1303";"13118";"3";"827.8170166";"6.07232999801636";"9";"26.280700684";"0.13134899735451";"9";"2005-03-19";"11:00:00"
"264";"1307";"13118";"5";"1919.4499512";"223.36799621582";"7";"57.328601837";"1.44199001789093";"7";"2005-08-23";"11:00:00"
"265";"1307";"13118";"5";"2681.7099609";"184.649993896484";"7";"55.718799591";"0.0853182002902";"7";"2005-08-23";"12:00:00"
"266";"1307";"13118";"5";"3165.5800781";"108.128997802734";"7";"56.340801239";"0.46685901284218";"7";"2005-08-23";"13:00:00"
"267";"1307";"13118";"5";"3354.5600586";"15.393500328064";"7";"59.748600006";"1.56008005142212";"7";"2005-08-23";"14:00:00"
"268";"1307";"13118";"5";"3128.0400391";"124.531997680664";"7";"64.723197937";"0.96883797645569";"7";"2005-08-23";"15:00:00"
"269";"1307";"13118";"5";"2499.0500488";"207.996994018555";"7";"67.442901611";"0.90612399578094";"7";"2005-08-23";"16:00:00"
"270";"1307";"13118";"5";"1795.5";"214.580993652344";"7";"69.878501892";"0.46931201219559";"7";"2005-08-23";"17:00:00"
"271";"1307";"13118";"5";"1084.0200195";"165.671005249023";"7";"69.969200134";"0.14792400598526";"7";"2005-08-23";"18:00:00"
"272";"1307";"13118";"5";"650.74597168";"99.2129974365234";"7";"68.652900696";"0.8732950091362";"7";"2005-08-23";"19:00:00"
"273";"1307";"13118";"5";"428.61401367";"40.82080078125";"7";"64.380096436";"1.67352998256683";"7";"2005-08-23";"20:00:00"
"274";"1307";"13118";"5";"351.39898682";"5.60063982009888";"7";"59.064498901";"1.01578998565674";"7";"2005-08-23";"21:00:00"
"275";"1307";"13118";"5";"350.66500854";"1.31572997570038";"7";"56.980998993";"0.41667899489403";"7";"2005-08-23";"22:00:00"
"276";"1307";"13118";"5";"342.2460022";"5.8814902305603";"7";"56.791900635";"0.2339999973774";"7";"2005-08-23";"23:00:00"
"277";"1307";"13118";"5";"316.66699219";"7.65818023681641";"7";"58.107898712";"0.57948499917984";"7";"2005-08-24";"00:00:00"
"278";"1307";"13118";"5";"295.26098633";"3.10861992835999";"7";"60.115501404";"0.57275998592377";"7";"2005-08-24";"01:00:00"
"279";"1307";"13118";"5";"299.10998535";"5.58440017700195";"7";"62.835899353";"0.79059398174286";"7";"2005-08-24";"02:00:00"
"280";"1307";"13118";"5";"333.30200195";"12.0436000823975";"7";"61.409999847";"1.38794994354248";"7";"2005-08-24";"03:00:00"
"281";"1307";"13118";"5";"378.94100952";"12.3923997879028";"7";"56.79529953";"0.69490200281143";"7";"2005-08-24";"04:00:00"
"282";"1307";"13118";"5";"410.72799683";"6.83152008056641";"7";"56.128501892";"0.00958149973303";"7";"2005-08-24";"05:00:00"
"283";"1307";"13118";"5";"429.51098633";"4.60561990737915";"7";"57.561199188";"0.99692702293396";"7";"2005-08-24";"06:00:00"
"284";"1307";"13118";"5";"461.5880127";"18.0792007446289";"7";"61.943901062";"1.50179004669189";"7";"2005-08-24";"07:00:00"
"285";"1307";"13118";"5";"572.92901611";"53.4779014587402";"7";"64.880699158";"0.35653001070023";"7";"2005-08-24";"08:00:00"
"286";"1307";"13118";"5";"882.11602783";"119.208000183105";"7";"64.626998901";"0.64026099443436";"7";"2005-08-24";"09:00:00"
"287";"1307";"13118";"5";"1454.1500244";"188.626007080078";"7";"60.240100861";"1.5242600440979";"7";"2005-08-24";"10:00:00"
"288";"1307";"13118";"5";"2126.8400879";"219.042007446289";"7";"55.674999237";"1.27391004562378";"7";"2005-08-24";"11:00:00"
"289";"1307";"13118";"5";"2915.4399414";"198.738998413086";"7";"54.106098175";"1.00543999671936";"7";"2005-08-24";"12:00:00"
"290";"1307";"13118";"5";"3445.3000488";"122.25700378418";"7";"61.399101257";"3.09595990180969";"7";"2005-08-24";"13:00:00"
"291";"1307";"13118";"5";"3682.8500977";"29.1172008514404";"7";"71.393699646";"2.77643990516663";"7";"2005-08-24";"14:00:00"
"292";"1307";"13118";"5";"3618.9199219";"64.5133972167969";"7";"79.209602356";"1.37861001491547";"7";"2005-08-24";"15:00:00"
"293";"1307";"13118";"5";"3288.6101074";"133.712005615234";"7";"80.272697449";"0.97582799196243";"7";"2005-08-24";"16:00:00"
"294";"1307";"13118";"5";"2771.0500488";"183.393005371094";"7";"74.921798706";"1.75670003890991";"7";"2005-08-24";"17:00:00"
"295";"1307";"13118";"5";"2037.5300293";"210.123001098633";"7";"72.067901611";"0.49917098879814";"7";"2005-08-24";"18:00:00"
"296";"1307";"13118";"5";"1305.7399902";"176.035003662109";"7";"78.096603394";"2.79478001594543";"7";"2005-08-24";"19:00:00"
"297";"1307";"13118";"5";"840.07299805";"109.134002685547";"7";"88.53440094";"3.39552998542786";"7";"2005-08-24";"20:00:00"
"298";"1307";"13118";"5";"572.81298828";"38.2673988342285";"7";"95.139801025";"0.6934819817543";"7";"2005-08-24";"21:00:00"
"299";"1307";"13118";"5";"534.17797852";"12.4616003036499";"7";"87.723503113";"3.81592988967896";"7";"2005-08-24";"22:00:00"
"300";"1307";"13118";"5";"619.15600586";"36.434398651123";"7";"74.366203308";"3.77934002876282";"7";"2005-08-24";"23:00:00"
"301";"1307";"13118";"5";"762.11297607";"39.323600769043";"7";"65.70300293";"1.02258002758026";"7";"2005-08-25";"00:00:00"
"302";"1307";"13118";"5";"862.14001465";"19.3465003967285";"7";"65.432197571";"0.73271101713181";"7";"2005-08-25";"01:00:00"
"303";"1307";"13118";"5";"862.41699219";"19.3924007415771";"7";"69.789901733";"1.78203999996185";"7";"2005-08-25";"02:00:00"
"304";"1307";"13118";"5";"741.57897949";"41.2057991027832";"7";"73.435699463";"0.4335669875145";"7";"2005-08-25";"03:00:00"
"305";"1307";"13118";"5";"599.65802002";"35.0236015319824";"7";"72.447402954";"0.62114000320435";"7";"2005-08-25";"04:00:00"
"306";"1307";"13118";"5";"507.32800293";"20.5030002593994";"7";"74.983001709";"0.51454597711563";"7";"2005-08-25";"05:00:00"
"307";"1307";"13118";"5";"476.45199585";"5.92825984954834";"7";"74.804603577";"0.16249799728394";"7";"2005-08-25";"06:00:00"
"308";"1307";"13118";"5";"540.31799316";"29.1033000946045";"7";"76.657997131";"0.92839699983597";"7";"2005-08-25";"07:00:00"
"309";"1307";"13118";"5";"688.44299316";"66.4233016967773";"7";"78.088500977";"0.06648939847946";"7";"2005-08-25";"08:00:00"
"310";"1307";"13118";"5";"1041.3299561";"125.886001586914";"7";"79.73789978";"1.05824995040894";"7";"2005-08-25";"09:00:00"
"311";"1307";"13118";"5";"1523.2700195";"166.632995605469";"7";"81.279403687";"0.27210700511932";"7";"2005-08-25";"10:00:00"
"312";"1307";"13118";"5";"2120.9399414";"198.699005126953";"7";"78.717399597";"1.21396005153656";"7";"2005-08-25";"11:00:00"
"313";"1307";"13118";"5";"2863.3000488";"194.283004760742";"7";"74.989898682";"1.10521996021271";"7";"2005-08-25";"12:00:00"
"314";"1307";"13118";"5";"3483.9699707";"140.757995605469";"7";"70.591003418";"0.60608297586441";"7";"2005-08-25";"13:00:00"
"315";"1307";"13118";"5";"3840.6899414";"77.4106979370117";"7";"71.998001099";"0.88088899850845";"7";"2005-08-25";"14:00:00"
"316";"1307";"13118";"5";"3931.8898926";"37.4650993347168";"7";"73.763900757";"0.55121701955795";"7";"2005-08-25";"15:00:00"
"317";"1307";"13118";"5";"3575.3500977";"153.259002685547";"7";"78.182296753";"1.39776003360748";"7";"2005-08-25";"16:00:00"
"318";"1307";"13118";"5";"2951.3500977";"225.699005126953";"7";"79.929801941";"0.19897699356079";"7";"2005-08-25";"17:00:00"
"319";"1307";"13118";"5";"2071.9499512";"244.055999755859";"7";"80.954101562";"0.99930202960968";"7";"2005-08-25";"18:00:00"
"320";"1307";"13118";"5";"1350.6099854";"188.75";"7";"84.349197388";"0.82796597480774";"7";"2005-08-25";"19:00:00"
"321";"1307";"13118";"5";"867.18200684";"108.822998046875";"7";"87.426101685";"1.20378005504608";"7";"2005-08-25";"20:00:00"
"322";"1307";"13118";"5";"603.64697266";"39.1827011108398";"7";"91.206497192";"0.6335009932518";"7";"2005-08-25";"21:00:00"
"323";"1307";"13118";"5";"556.51098633";"11.2672004699707";"7";"89.63809967";"1.37856996059418";"7";"2005-08-25";"22:00:00"
"324";"1307";"13118";"5";"633.83300781";"33.3549995422363";"7";"84.515403748";"1.56405997276306";"7";"2005-08-25";"23:00:00"
"325";"1307";"13118";"5";"763.77001953";"32.4357986450195";"7";"80.39099884";"0.85399001836777";"7";"2005-08-26";"00:00:00"
"326";"1307";"13118";"5";"836.85101318";"11.3851003646851";"7";"77.776000977";"0.45728600025177";"7";"2005-08-26";"01:00:00"
"327";"1307";"13118";"5";"806.24298096";"28.242000579834";"7";"79.088996887";"0.99419397115707";"7";"2005-08-26";"02:00:00"
"328";"1307";"13118";"5";"670.17199707";"40.9161987304688";"7";"82.561897278";"0.79006397724152";"7";"2005-08-26";"03:00:00"
"329";"1307";"13118";"5";"556.49597168";"26.9060001373291";"7";"85.147399902";"0.95904499292374";"7";"2005-08-26";"04:00:00"
"330";"1307";"13118";"5";"500.12200928";"9.40752983093262";"7";"85.984596252";"0.94489699602127";"7";"2005-08-26";"05:00:00"
"331";"1307";"13118";"5";"495.70199585";"6.14016008377075";"7";"82.572402954";"0.32798001170158";"7";"2005-08-26";"06:00:00"
"332";"1307";"13118";"5";"545.94299316";"24.8852996826172";"7";"82.82610321";"0.12438300251961";"7";"2005-08-26";"07:00:00"
"333";"1307";"13118";"5";"677.98498535";"59.2052001953125";"7";"82.945701599";"0.05103110149503";"7";"2005-08-26";"08:00:00"
"334";"1307";"13118";"5";"1005.6300049";"122.972999572754";"7";"82.288299561";"0.86223602294922";"7";"2005-08-26";"09:00:00"
"335";"1307";"13118";"5";"1593.3699951";"195.938003540039";"7";"76.722198486";"1.86228001117706";"7";"2005-08-26";"10:00:00"
"336";"1307";"13118";"5";"2304.5800781";"234.619003295898";"7";"69.301002502";"2.53116989135742";"7";"2005-08-26";"11:00:00"
"337";"1307";"13118";"5";"3184.1000977";"237.95100402832";"7";"63.201499939";"0.49037599563599";"7";"2005-08-26";"12:00:00"
"338";"1307";"13118";"5";"3880.4199219";"178.638000488281";"7";"64.635299683";"1.14628005027771";"7";"2005-08-26";"13:00:00"
"339";"1307";"13118";"5";"4286.8398438";"71.7272033691406";"7";"70.723899841";"2.68062996864319";"7";"2005-08-26";"14:00:00"
"340";"1307";"13118";"5";"4309.2099609";"64.4504013061523";"7";"79.978500366";"1.87018001079559";"7";"2005-08-26";"15:00:00"
"341";"1307";"13118";"5";"3855.0800781";"177.783004760742";"7";"83.059799194";"0.18964199721813";"7";"2005-08-26";"16:00:00"
"342";"1307";"13118";"5";"3187.7099609";"222.399993896484";"7";"83.818901062";"1.18840003013611";"7";"2005-08-26";"17:00:00"
"343";"1307";"13118";"5";"2371";"218.477005004883";"7";"89.267501831";"1.21485996246338";"7";"2005-08-26";"18:00:00"
"344";"1307";"13118";"5";"1723.2399902";"173.660003662109";"7";"92.751701355";"1.19491004943848";"7";"2005-08-26";"19:00:00"
"345";"1307";"13118";"5";"1231.0600586";"130.128997802734";"7";"95.041099548";"0.54026502370834";"7";"2005-08-26";"20:00:00"
"346";"1307";"13118";"5";"822.29302979";"89.9710006713867";"7";"88.672897339";"2.53290009498596";"7";"2005-08-26";"21:00:00"
"347";"1307";"13118";"5";"621.57702637";"34.5662002563477";"7";"80.381500244";"2.62978005409241";"7";"2005-08-26";"22:00:00"
"348";"1307";"13118";"5";"580.60998535";"6.65047979354858";"7";"71.67489624";"2.47888994216919";"7";"2005-08-26";"23:00:00"
"349";"1307";"13118";"5";"645.54199219";"25.5298004150391";"7";"66.570503235";"0.36116901040077";"7";"2005-08-27";"00:00:00"
"350";"1307";"13118";"5";"723.49200439";"13.2555999755859";"7";"66.761199951";"0.48794999718666";"7";"2005-08-27";"01:00:00"
"351";"1307";"13118";"5";"720.00201416";"13.3222999572754";"7";"69.757102966";"1.117879986763";"7";"2005-08-27";"02:00:00"
"352";"1307";"13118";"5";"645.88897705";"24.6791000366211";"7";"71.571296692";"0.35350599884987";"7";"2005-08-27";"03:00:00"
"353";"1307";"13118";"5";"569.73400879";"21.2301998138428";"7";"69.775802612";"0.44416099786758";"7";"2005-08-27";"04:00:00"
"354";"1307";"13118";"5";"513.54901123";"13.1773996353149";"7";"68.893501282";"0.42672300338745";"7";"2005-08-27";"05:00:00"
"355";"1307";"13118";"5";"490.5249939";"2.79485988616943";"7";"67.773597717";"0.26470500230789";"7";"2005-08-27";"06:00:00"
"356";"1307";"13118";"5";"525.02801514";"20.2035999298096";"7";"70.392799377";"1.31910002231598";"7";"2005-08-27";"07:00:00"
"357";"1307";"13118";"5";"650.45001221";"61.548900604248";"7";"73.893600464";"0.5322949886322";"7";"2005-08-27";"08:00:00"
"358";"1307";"13118";"5";"982.28997803";"118.111999511719";"7";"74.869598389";"0.15373000502586";"7";"2005-08-27";"09:00:00"
"359";"1307";"13118";"5";"1496.5899658";"156.024002075195";"7";"74.570800781";"0.13744999468327";"7";"2005-08-27";"10:00:00"
"360";"1307";"13118";"5";"1984.2800293";"134.684005737305";"7";"75.826400757";"0.73639100790024";"7";"2005-08-27";"11:00:00"
"361";"1307";"13118";"5";"2326.8798828";"48.9618988037109";"7";"81.718399048";"2.40912008285522";"7";"2005-08-27";"12:00:00"
"362";"1307";"13118";"5";"2409.1799316";"4.04078006744385";"7";"90.435798645";"2.14603996276855";"7";"2005-08-27";"13:00:00"
"363";"1307";"13118";"5";"2384.3000488";"7.37150001525879";"7";"94.17590332";"0.21694900095463";"7";"2005-08-27";"14:00:00"
"364";"1307";"13118";"5";"2453.5700684";"38.9749984741211";"7";"91.379096985";"1.79087996482849";"7";"2005-08-27";"15:00:00"
"365";"1307";"13118";"5";"2550.5";"12.7122001647949";"7";"82.096603394";"3.74622988700867";"7";"2005-08-27";"16:00:00"
"366";"1307";"13118";"5";"2441.6101074";"78.5381011962891";"7";"70.337600708";"3.04674005508423";"7";"2005-08-27";"17:00:00"
"367";"1307";"13118";"5";"2004.8199463";"153.694000244141";"7";"64.082099915";"0.39170500636101";"7";"2005-08-27";"18:00:00"
"368";"1307";"13118";"5";"1412.4000244";"154.833999633789";"7";"68.717796326";"2.41870999336243";"7";"2005-08-27";"19:00:00"
"369";"1307";"13118";"5";"993.46099854";"99.282096862793";"7";"74.485496521";"0.92587697505951";"7";"2005-08-27";"20:00:00"
"370";"1307";"13118";"5";"741.44500732";"41.8809013366699";"7";"76.32749939";"0.19280399382114";"7";"2005-08-27";"21:00:00"
"371";"1307";"13118";"5";"654.27600098";"10.7952995300293";"7";"74.667800903";"1.19792997837067";"7";"2005-08-27";"22:00:00"
"372";"1307";"13118";"5";"629.74902344";"4.81486988067627";"7";"70.190002441";"1.31615996360779";"7";"2005-08-27";"23:00:00"
"373";"1307";"13118";"5";"620.04400635";"0.94180697202682";"7";"66.865402222";"0.64945501089096";"7";"2005-08-28";"00:00:00"
"374";"1307";"13118";"5";"627.73797607";"6.10337018966675";"7";"65.718803406";"0.26337099075317";"7";"2005-08-28";"01:00:00"
"375";"1307";"13118";"5";"659.559021";"12.5748996734619";"7";"67.76940155";"0.87505400180817";"7";"2005-08-28";"02:00:00"
"376";"1307";"13118";"5";"710.0289917";"17.8047008514404";"7";"69.451698303";"0.0746190994978";"7";"2005-08-28";"03:00:00"
"377";"1307";"13118";"5";"791.63702393";"25.9612998962402";"7";"68.011802673";"0.70383602380753";"7";"2005-08-28";"04:00:00"
"378";"1307";"13118";"5";"880.22998047";"28.3432006835938";"7";"64.663299561";"1.54671001434326";"7";"2005-08-28";"05:00:00"
"379";"1307";"13118";"5";"989.6619873";"31.5305995941162";"7";"59.791599274";"0.54124701023102";"7";"2005-08-28";"06:00:00"
"380";"1307";"13118";"5";"1052.1300049";"7.01221990585327";"7";"60.369998932";"0.4383180141449";"7";"2005-08-28";"07:00:00"
