"idParametrosBiologicosFisicosAgua";"idCampanha";"idSitio";"dataMedida";"profundidade";"secchi";"tempagua";"condutividade";"DO";"pH";"turbidez";"materialEmSuspensao";"DOC";"TOC";"POC";"DIC";"NT";"PT";"densidadeBacteria";"biomassaBacteria";"clorofilaA";"biomassaCarbonoTotalFito";"densidadeTotalFito";"biomassaZoo";"densidadeTotalZoo";"producaoFitoplanctonica";"carbonoOrganicoExcretado";"respiracaoFito";"producaoBacteriana";"respiracaoBacteriana";"taxaSedimentacao";"delta13C";"delta15N";"intensidadeLuminosa"
"1";"802";"8116";"2003-11-18";"0";"1.2000000477";"29";"138";"5.8249998093";"7.6500000954";"5.5999999046";\N;\N;\N;\N;"11.816900253";"81.410102844";\N;"11.95450019836426";"239.091003417969";\N;"19.121700286865234";"253";"1022.0800171";"591.1710205078125";\N;\N;\N;\N;\N;\N;\N;\N;\N
"2";"806";"8116";"2004-03-18";"0";\N;\N;"83.4000015259";\N;"7.3099999428";\N;"46.83330154418945";"1.6298999786";\N;\N;"7.2140398026";"41.609100342";"0.2983660102";"3.849299907684326";"76.9860000610352";"10.916700363";"5.067230224609375";"331";"21.140100479";"27.89200019836426";\N;\N;\N;\N;\N;\N;\N;\N;\N
"3";"809";"8116";"2004-07-14";"0";"3.5";"26.600000381";"118";"7.2600002289";"8.1999998093";"1.5399999619";"1.4444400072097778";"2.2690000534";"2.6450800896";"0.3760829866";"14.952699661";"51.84859848";"0.4461889863";"3.736200094223022";"74.7239990234375";"6.3833298683";"94.60710144042969";"2041";"63.094600677";"173.8430023193359";\N;\N;\N;\N;\N;\N;\N;\N;\N
"4";"802";"8117";"2003-11-18";"0";"2.2000000477";"29.600000381";"96";"6.8150000572";"8.0600004196";"2";\N;\N;\N;\N;"12.424300194";\N;\N;"6.438899993896484";"128.77799987793";\N;"243.60400390625";"4170";"190.53599548";"305.0190124511719";\N;\N;\N;\N;\N;\N;\N;\N;\N
"5";"806";"8117";"2004-03-18";"0";"0.150000006";"28";"61.2999992371";"5.7399997711";"7.1599998474";\N;"29.16670036315918";"1.5791000128";\N;\N;"6.7327198982";"29.714599609";"0.4145950079";"2.507699966430664";"50.1539993286133";"4.8166699409";"5.591050148010254";"112";"248.78999329";"170.2870025634766";\N;\N;\N;\N;\N;\N;\N;\N;\N
"6";"809";"8117";"2004-07-14";"0";"3.9000000954";"26.200000763";"89.4000015259";"6.7399997711";"7.8000001907";"0.9700000286";"1.576390027999878";"3.0497999191";"3.0807900429";"0.0309916995";"11.225500107";"78.208999634";"0.4381439984";"2.636399984359741";"52.7280006408691";"4.2750000954";"35.055999755859375";"5087";"52.415100098";"53.08499908447266";\N;\N;\N;\N;\N;\N;\N;\N;\N
"7";"802";"8118";"2003-11-18";"0";"3";"29.600000381";"97";"6.9949998856";"7.9000000954";"1";\N;\N;\N;\N;"12.193900108";\N;\N;"6.080100059509277";"121.601997375488";\N;"89.99909973144531";"1759";"30.578899384";"115.1259994506836";\N;\N;\N;\N;\N;\N;\N;\N;\N
"8";"806";"8118";"2004-03-18";"0";"2.4500000477";"29.799999237";"109.300003052";"5.0500001907";"7.9200000763";\N;"16.5";"1.7178000212";\N;\N;"12.313400269";\N;\N;"2.973750114440918";"59.4749984741211";"6.0916700363";"80.90370178222656";"5606";"156.75500488";"159.60400390625";\N;\N;\N;\N;\N;\N;\N;\N;\N
"9";"809";"8118";"2004-07-12";"0";"3.5";"26.100000381";"86.4000015259";"6.9899997711";"7.5199999809";"1.5299999714";"1.428570032119751";"3.2191998959";"3.3952000141";"0.175999999";"10.716899872";"27.133600235";"0.3835490048";"3.408600091934204";"68.1719970703125";"10.425000191";"163.39700317382812";"6090";"26.432199478";"41.00099945068359";\N;\N;\N;\N;\N;\N;\N;\N;\N
"10";"802";"8119";"2003-11-18";"0";"3.5";"30";"99";"8.3549995422";"7.8499999046";"1.0950000286";\N;\N;\N;\N;"12.959300041";"16.708000183";\N;"3.950700044631958";"79.0139999389648";\N;"250.20199584960938";"4263";"4.9509000778";"22.18400001525879";\N;\N;\N;\N;\N;\N;\N;\N;\N
"11";"802";"8119";"2003-11-18";"5.1999998093";\N;"28.5";"99";"4.2600002289";"7.9000000954";"1.2649999857";\N;\N;\N;\N;"12.152000427";\N;"0.255614996";"4.664400100708008";"81.3539962768555";\N;"318.0580139160156";\N;\N;\N;\N;\N;\N;\N;\N;\N;\N;\N;\N
"12";"802";"8119";"2003-11-18";"10.5";\N;"28.299999237";"99";"2.5950000286";"7.3099999428";"1.0499999523";\N;\N;\N;\N;"15.722000122";\N;"0.5691230297";"4.067699909210205";"112.085998535156";\N;"28.81049919128418";\N;\N;\N;\N;\N;\N;\N;\N;\N;\N;\N;\N
"13";"802";"8119";"2003-11-18";"15";\N;\N;\N;\N;\N;\N;\N;\N;\N;\N;\N;\N;\N;"5.604300022125244";"112.085998535156";\N;\N;\N;\N;\N;\N;\N;\N;\N;\N;\N;\N;\N;\N
"14";"802";"8119";"2003-11-18";"35";\N;\N;\N;"0.8000000119";"6.7600002289";"5.4349999428";\N;\N;\N;\N;"21.888799667";\N;\N;\N;\N;\N;\N;\N;\N;\N;\N;\N;\N;\N;\N;\N;\N;\N;\N
"15";"802";"8119";"2003-11-18";"60";\N;\N;\N;"0.9350000024";"7.1199998856";"3.1949999332";\N;\N;\N;\N;"12.788299561";\N;\N;"5.967000007629395";"119.339996337891";\N;\N;"180";\N;\N;\N;\N;\N;\N;\N;\N;\N;\N;\N
"16";"806";"8119";"2004-03-18";"0";"4";"29.569999695";\N;"4.8600001335";"7.8499999046";\N;"3.333329916000366";"1.3791999817";\N;\N;"17.695400238";\N;\N;"2.757299900054932";"55.1459999084473";"5.3833298683";"180.0290069580078";"9118";"16.927499771";"77.49500274658203";"134";"6";"237";"315";"746";"5.95100021362305";"-30.32999992";"11.300000191";"15.289999961853027"
"17";"806";"8119";"2004-03-18";"6";\N;"28.729999542";\N;"5.5999999046";"7.5500001907";\N;"8.666669845581055";"1.1460000277";\N;\N;"13.280599594";\N;\N;"1.717949986457825";"34.359001159668";"5.3249998093";"202.02499389648438";"6925";\N;\N;\N;\N;\N;\N;\N;\N;\N;\N;\N
"18";"806";"8119";"2004-03-18";"12";\N;"26.979999542";\N;"2.0999999046";"6.8800001144";\N;"11.16670036315918";"1.0183999538";\N;\N;"14.401900291";\N;\N;"3.751800060272217";"75.036003112793";"5.5";"16.548500061035156";"139";\N;\N;\N;\N;\N;\N;\N;\N;\N;\N;\N
"19";"806";"8119";"2004-03-18";"47";\N;"24.489999771";\N;"2.0799999237";"7.2300000191";\N;"23.66670036315918";"1.0640000105";\N;\N;"13.72729969";\N;\N;"2.423850059509277";"48.4770011901855";"1.9750000238";"0.40022000670433044";"56";\N;\N;\N;\N;\N;\N;\N;\N;\N;\N;\N
"20";"806";"8119";"2004-03-18";"107";\N;"23.969999313";\N;"0.4199999869";"7.2800002098";\N;"9.833330154418945";"0.9004999995";\N;\N;"24.565700531";\N;\N;"3.315000057220459";"66.3000030517578";"1.5583300591";"1.6189700365066528";"27";\N;\N;\N;\N;\N;\N;\N;\N;\N;\N;\N
"21";"809";"8119";"2004-07-12";"0";"3";"27";"88.4000015259";"7.3899998665";"7.5399999619";"1.7999999523";"0.2976189851760864";"3.3218998909";"4.23416996";"0.9122670293";"11.107299805";"14.263899803";"0.3759979904";"2.416049957275391";"48.3209991455078";"9.4416704178";"339.6910095214844";"10965";"11.509300232";"34.35900115966797";"293";"24";"319";"96";"1010";\N;"-34.88999939";"7.8899998665";"37.02000045776367"
"22";"809";"8119";"2004-07-12";"4.5";\N;"26";"88.0999984741";"6.9899997711";"7.1300001144";"2.2000000477";"1.6547600030899048";"3.3506000042";"4.369289875";"1.01868999";"11.212400436";"19.970500946";"0.4032000005";"2.681250095367432";"53.625";"11.225000381";"344.0679931640625";\N;\N;\N;\N;\N;\N;\N;\N;\N;\N;\N;\N
"23";"809";"8119";"2004-07-12";"9";\N;"26.200000763";"87.1999969482";"6.6199998856";"7.3600001335";"2";"2.916670083999634";"3.1317999363";"3.1457099915";"0.0139082996";"11.179100037";"21.164400101";"0.3535900116";"2.443350076675415";"48.867000579834";"6.6750001907";"198.6739959716797";\N;\N;\N;\N;\N;\N;\N;\N;\N;\N;\N;\N
"24";"809";"8119";"2004-07-12";"42";\N;"24.700000763";"105.099998474";"2.1800000668";"6.9400000572";"4.0999999046";"15";"2.6045999527";"4.6811299324";"2.0765199661";"13.052100182";"62.949699402";"0.3935729861";"2.921099901199341";"58.4220008850098";"0.875";"1.3961800336837769";\N;\N;\N;\N;\N;\N;\N;\N;\N;\N;\N;\N
"25";"809";"8119";"2004-07-12";"93";\N;"24.100000381";"123";"0.5699999928";"7.3000001907";"8.6999998093";"9.833330154418945";"2.2160000801";"6.0213799477";"3.805380106";"15.753700256";"50.575099945";"0.8023859859";"3.549000024795532";"70.9800033569336";"3.7062499523";"1.465190052986145";\N;\N;\N;\N;\N;\N;\N;\N;\N;\N;\N;\N
"26";"802";"8120";"2003-11-18";"0";\N;"27";\N;"7.0749998093";"7.3099999428";"2.5499999523";\N;\N;\N;\N;"16.759000778";\N;"0.4123690128";"5.042699813842773";"100.853996276855";\N;"86.71880340576172";"1571";\N;\N;\N;\N;\N;\N;\N;\N;\N;\N;\N
"27";"806";"8120";"2004-03-18";"0";"1.2999999523";"27";\N;\N;\N;\N;\N;"0.8019000292";\N;\N;\N;"22.673700333";\N;"3.946799993515015";"78.9359970092773";"5.3666701317";"62.220298767089844";"474";"9.6682100296";"5.599999904632568";\N;\N;\N;\N;\N;\N;\N;\N;\N
"28";"809";"8120";"2004-07-12";"0";\N;"26";\N;"5.2100000381";"7.2199997902";"4.4600000381";"3.855560064315796";"3.0339000225";"4.7212100029";"1.6873099804";"10.65719986";"29.122900009";"0.5284690261";"3.201900005340576";"64.0380020141602";"1.7416700125";"126.79100036621094";"1967";"50.436901093";"50.66799926757812";\N;\N;\N;\N;\N;\N;\N;\N;\N
"29";"802";"8121";"2003-11-18";"0";"4";"29.399999619";"91";"5.9699997902";"7.5900001526";"28.200000763";\N;\N;\N;\N;"10.143400192";"58.135700226";\N;"16.39949989318848";"327.989990234375";\N;"41.132198333740234";"932";"327.82199097";"324.7619934082031";\N;\N;\N;\N;\N;\N;\N;\N;\N
"30";"806";"8121";"2004-03-18";"0";"0.6000000238";"27.680000305";"66.1999969482";\N;\N;\N;\N;\N;\N;\N;\N;\N;\N;"5.647200107574463";"112.944000244141";"0";"83.04340362548828";"2441";"31.294099808";"30.71500015258789";\N;\N;\N;\N;\N;\N;\N;\N;\N
"31";"809";"8121";"2004-07-14";"0";"2.9000000954";"26.600000381";"105.099998474";"6.9699997902";"6.7100000381";"1.4299999475";"1.2857099771499634";"2.9988000393";"4.5783700943";"1.579570055";"13.317500114";"31.324100494";"0.3596929908";"4.457699775695801";"89.1539993286133";"8.0333299637";"43.415000915527344";"10916";"126.34600067";"142.3880004882812";\N;\N;\N;\N;\N;\N;\N;\N;\N
"32";"802";"8122";"2003-11-18";"0";"3.5";"28.600000381";"102";"7.5";"8.0699996948";"1.2000000477";\N;\N;\N;\N;"10.820400238";"12.711400032";"0.5121210217";"1.446900010108948";"28.9379997253418";"0.400000006";"135.42799377441406";"2091";"22.37100029";"29.70800018310547";\N;\N;\N;\N;\N;\N;\N;\N;\N
"33";"806";"8122";"2004-03-18";"0";\N;\N;"107.199996948";\N;"8.1499996185";\N;"11.66670036315918";"2.4398999214";\N;\N;"11.348799706";"48.874500275";\N;"3.006900072097778";"60.1380004882812";"9.8000001907";"235.2519989013672";"7404";\N;\N;\N;\N;\N;\N;\N;\N;\N;\N;\N
"34";"809";"8122";"2004-07-12";"0";"2.2000000477";"26.5";"81.0999984741";"6.8200001717";"7.4600000381";"2.7000000477";"2.571429967880249";"2.6535999775";"2.7729001045";"0.1193000004";"10.166500092";"31.080299377";"0.4157159925";"2.38289999961853";"47.6580009460449";"5.5333299637";"26.40399932861328";"6405";"23.682500839";"29.66900062561035";\N;\N;\N;\N;\N;\N;\N;\N;\N
"35";"1002";"10079";"2003-11-25";"0";"0.3000000119";"28.5";"53";"6.9400000572";"7.5999999046";"2.7000000477";\N;\N;\N;\N;"6.8889598846";\N;"0.8541290164";"2.131350040435791";"42.6269989013672";\N;"9.9339599609375";"551.0700073242188";"0.8189299703";"3.499000072479248";\N;\N;\N;\N;\N;\N;\N;\N;\N
"36";"1006";"10079";"2004-03-25";"0";"1.3999999762";"32.169998169";"43.2000007629";"6.5";\N;\N;"14.66670036315918";"2.4832000732";\N;\N;"4.0072798729";\N;\N;"5.24940013885498";"104.987998962402";"10.590000153";"93.0886001586914";"9815.6396484375";"125.66000366";"205.5160064697266";\N;\N;\N;\N;\N;\N;\N;\N;\N
"37";"1009";"10079";"2004-07-19";"0";"1.5";"25.700000763";"92.4000015259";"7.6300001144";"7.8200001717";"2.9000000954";"6.1875";"1.8576999903";"2.3906800747";"0.532975018";"11.079999924";"32.065299988";"1.4099800587";"1.946099996566772";"38.9220008850098";"8.1833295822";"25.460899353027344";"4309.52001953125";"269.82901001";"141.2270050048828";\N;\N;\N;\N;\N;\N;\N;\N;\N
"38";"1002";"10080";"2003-11-25";"0";"2.0999999046";"29.5";"86";"6.8600001335";"7.9099998474";"2";\N;"0";\N;\N;"10.907500267";"3.3614299297";\N;"1.834949970245361";"36.6990013122559";\N;"344.4410095214844";"7988.7998046875";"94.149299622";"41.51399993896484";\N;\N;\N;\N;\N;\N;\N;\N;\N
"39";"1006";"10080";"2004-03-25";"0";"1.7999999523";"31";"48.2999992371";"6.9099998474";"7.3800001144";\N;"13.66670036315918";"2.3420000076";\N;\N;"4.6556401253";"18.356100082";"0.3696179986";"3.960449934005737";"79.2089996337891";"2.166670084";"416.4530029296875";"6631.68017578125";"259.06100464";"163.6130065917969";\N;\N;\N;\N;\N;\N;\N;\N;\N
"40";"1009";"10080";"2004-07-19";"0";"2.0999999046";"25.5";"67.3000030518";"6.5199999809";"7.3800001144";"2.0999999046";"4.3125";"1.8398000002";"2.3273000717";"0.4875000119";"7.9400000572";"47.650901794";"0.7620700002";"2.568150043487549";"51.3629989624023";"9.2100000381";"1079.3599853515625";"10380.7998046875";"280.55599976";"153.3679962158203";\N;\N;\N;\N;\N;\N;\N;\N;\N
"41";"1002";"10081";"2003-11-25";"0";\N;"29.299999237";\N;"6.6500000954";"7.8299999237";"1.3999999762";\N;\N;\N;\N;"6.4127998352";"5.457859993";\N;"2.047499895095825";"40.9500007629395";\N;"661.5239868164062";"6579";"52.033798218";"21.32600021362305";\N;\N;\N;\N;\N;\N;\N;\N;\N
"42";"1006";"10081";"2004-03-25";"0";"3.2000000477";"30.200000763";"37.4000015259";"7.4800000191";"7.4600000381";\N;"7.5";"1.9356000423";\N;\N;"3.6188399792";"37.962299347";\N;"3.406650066375732";"68.1330032348633";"4.6083297729";"280.7460021972656";"4389.72021484375";"179.60400391";"71.4219970703125";\N;\N;\N;\N;\N;\N;\N;\N;\N
"43";"1009";"10081";"2004-07-19";"0";"1.7999999523";"25.299999237";"39.7000007629";"5.6599998474";"7.4000000954";"1.8999999762";"1.625";"2.1038000584";"2.2578299046";"0.1540330052";"7.6399998665";"39.025901794";"0.6460859776";"2.640300035476685";"52.8059997558594";"10.733300209";"238.73300170898438";"4295.52001953125";"206.1000061";"92.13099670410156";\N;\N;\N;\N;\N;\N;\N;\N;\N
"44";"1002";"10082";"2003-11-25";"0";"2";"29.299999237";"43";"6.7100000381";"8.029999733";"1.5";\N;\N;\N;\N;"4.7479200363";"8";\N;"3.077100038528442";"61.5419998168945";\N;"448.1570129394531";"5821.56005859375";"78.951896667";"53.20500183105469";\N;\N;\N;\N;\N;\N;\N;\N;\N
"45";"1002";"10082";"2003-11-25";"0.75";\N;"29.299999237";"43";\N;\N;\N;\N;\N;\N;\N;\N;\N;\N;\N;\N;\N;\N;\N;\N;\N;\N;\N;\N;\N;\N;\N;\N;\N;\N
"46";"1002";"10082";"2003-11-25";"1";\N;"29.299999237";"43";\N;\N;\N;\N;\N;\N;\N;\N;\N;\N;\N;\N;\N;\N;\N;\N;\N;\N;\N;\N;\N;\N;\N;\N;\N;\N
"47";"1002";"10082";"2003-11-25";"1.25";\N;"29.299999237";"43";\N;\N;\N;\N;\N;\N;\N;\N;\N;\N;\N;\N;\N;\N;\N;\N;\N;\N;\N;\N;\N;\N;\N;\N;\N;\N
"48";"1002";"10082";"2003-11-25";"1.5";\N;"29.200000763";"43";\N;\N;\N;\N;\N;\N;\N;\N;\N;\N;\N;\N;\N;\N;\N;\N;\N;\N;\N;\N;\N;\N;\N;\N;\N;\N
"49";"1002";"10082";"2003-11-25";"1.75";\N;"29.200000763";"43";\N;\N;\N;\N;\N;\N;\N;\N;\N;\N;\N;\N;\N;\N;\N;\N;\N;\N;\N;\N;\N;\N;\N;\N;\N;\N
"50";"1002";"10082";"2003-11-25";"2";\N;"29.200000763";"43";\N;\N;\N;\N;\N;\N;\N;\N;\N;\N;\N;\N;\N;\N;\N;\N;\N;\N;\N;\N;\N;\N;\N;\N;\N;\N
"51";"1002";"10082";"2003-11-25";"2.25";\N;"29.200000763";"43";\N;\N;\N;\N;\N;\N;\N;\N;\N;\N;\N;\N;\N;\N;\N;\N;\N;\N;\N;\N;\N;\N;\N;\N;\N;\N
"52";"1002";"10082";"2003-11-25";"2.5";\N;"29.100000381";"43";\N;\N;\N;\N;\N;\N;\N;\N;\N;\N;\N;\N;\N;\N;\N;\N;\N;\N;\N;\N;\N;\N;\N;\N;\N;\N
"53";"1002";"10082";"2003-11-25";"2.75";\N;"29.100000381";"43";\N;\N;\N;\N;\N;\N;\N;\N;\N;\N;\N;\N;\N;\N;\N;\N;\N;\N;\N;\N;\N;\N;\N;\N;\N;\N
"54";"1002";"10082";"2003-11-25";"3";\N;"29";"43";\N;\N;\N;\N;\N;\N;\N;\N;\N;\N;\N;\N;\N;\N;\N;\N;\N;\N;\N;\N;\N;\N;\N;\N;\N;\N
"55";"1006";"10082";"2004-03-25";"0";"4.5";"30.399999619";"28.2000007629";"7.6399998665";"6.5199999809";\N;"5";"1.6353000402";\N;\N;"3.7312800884";"4.3400001526";\N;"3.722549915313721";"74.4509963989258";"2.6749999523";"66.56120300292969";"3730.320068359375";"139.57600403";"55.00799942016602";"146";"8";"292";"179";"921";"4.73799991607666";"-31.67000008";"7.8499999046";"45.54999923706055"
"56";"1006";"10082";"2004-03-25";"7";\N;\N;"30.1000003815";"7.1100001335";"7";\N;"10.33329963684082";"2.3241999149";\N;\N;"3.1428000927";"14.470700264";\N;"3.820050001144409";"76.4010009765625";"5.0999999046";"354.7919921875";"4125.9599609375";\N;\N;\N;\N;\N;\N;\N;\N;\N;\N;\N
"57";"1006";"10082";"2004-03-25";"14";\N;\N;"42.2999992371";"1.4800000191";"5.9899997711";\N;"8.5";"2.7902998924";\N;\N;"10.787599564";\N;\N;"2.400449991226196";"48.0089988708496";"2.3583300114";"3.8857998847961426";"579.3300170898438";\N;\N;\N;\N;\N;\N;\N;\N;\N;\N;\N
"58";"1006";"10082";"2004-03-25";"20";\N;\N;"63";"1.2300000191";"6.4499998093";\N;"7.5";"2.1582000256";\N;\N;"5.6396398544";"14.015000343";\N;"2.540849924087524";"50.8170013427734";"1.3083300591";"1.5210100412368774";"183.42999267578125";\N;\N;\N;\N;\N;\N;\N;\N;\N;\N;\N
"59";"1006";"10082";"2004-03-25";"53";\N;\N;"4";"1.1200000048";"6.6300001144";\N;"6.5";"2.1429998875";\N;\N;"5.8490400314";"15.951399803";\N;"2.80019998550415";"56.0040016174316";"1.0666699409";"0.2808780074119568";"127.16999816894531";\N;\N;\N;\N;\N;\N;\N;\N;\N;\N;\N
"60";"1009";"10082";"2004-07-20";"0";"1.8999999762";"24.799999237";"40";"4.0999999046";"6.7300000191";"2.0999999046";"2.527780055999756";"2.1080000401";"5.8286299706";"3.7206199169";"5.0090999603";"44.106800079";"2.5720999241";"3.788850069046021";"75.7770004272461";"8.125";"8.071020126342773";"320.2799987792969";"73.489196777";"34.91799926757812";"79";"5";"399";"301";"1183";"8.96300029754639";"-34.33000183";"5.3699998856";"19.719999313354492"
"61";"1009";"10082";"2004-07-20";"5";\N;"24.799999237";"40";"4.3699998856";"6.7699999809";"2.0999999046";"2.0625";"2.2702999115";"2.4582800865";"0.1879750043";"4.9512000084";"46.075401306";\N;"3.632849931716919";"72.6569976806641";"6.9083299637";"176.3249969482422";"4790.06982421875";\N;\N;\N;\N;\N;\N;\N;\N;\N;\N;\N
"62";"1009";"10082";"2004-07-20";"10";\N;"24.799999237";"39";"4.4400000572";"6.8200001717";"2";"2";"2.0827000141";"2.1174199581";"0.0347249992";"4.8186001778";"16.291200638";"0.4093520045";"3.901949882507324";"78.0390014648438";"6.3409099579";"189.07899475097656";"4295.52001953125";\N;\N;\N;\N;\N;\N;\N;\N;\N;\N;\N
"63";"1009";"10082";"2004-07-20";"20";\N;"24.799999237";"40";"4.3200001717";"6.7899999619";"2.2999999523";"3.2261900901794434";"2.031899929";"3.3194999695";"1.2876000404";"5.178800106";"53.508998871";"0.4311389923";"4.364099979400635";"87.2819976806641";"6.4000000954";"121.66400146484375";"2613.919921875";\N;\N;\N;\N;\N;\N;\N;\N;\N;\N;\N
"64";"1009";"10082";"2004-07-20";"40";\N;"24.299999237";"87";"1.7000000477";"6.5199999809";"2.9000000954";"5.708330154418945";"3.6372001171";"3.7536199093";"0.1164250001";"10.725899696";"104.5039978";"1.3437700272";"3.946799993515015";"78.9359970092773";"1.6833300591";"189.67100524902344";"2585.7900390625";\N;\N;\N;\N;\N;\N;\N;\N;\N;\N;\N
"65";"1002";"10083";"2003-11-25";"0";\N;\N;\N;"4.3499999046";"8.1999998093";\N;\N;\N;\N;\N;"18.759199142";\N;"0.8683789968";"2.180099964141846";"43.6020011901855";\N;"517.0659790039062";"8534.51953125";\N;\N;\N;\N;\N;\N;\N;\N;\N;\N;\N
"66";"1006";"10083";"2004-03-25";"0";\N;\N;\N;\N;\N;\N;\N;"1.7086999416";\N;\N;\N;"13.0625";"0.8541290164";"3.75570011138916";"76.4010009765625";\N;"55.819698333740234";"2077.5";"96.603103638";"33.01200103759766";\N;\N;\N;\N;\N;\N;\N;\N;\N
"67";"1009";"10083";"2004-07-22";"0";\N;\N;\N;\N;"7.25";\N;"2.1818199157714844";"2.054199934";"2.0590500832";"0.0048500001";"3.7000000477";"52.860500336";"0.4163320065";"3.781049966812134";"72.6569976806641";"5.5416698456";"357.43499755859375";"3490.110107421875";\N;\N;\N;\N;\N;\N;\N;\N;\N;\N;\N
"68";"1002";"10084";"2003-11-25";"0";"2.2999999523";"28.899999619";"46";"7.9000000954";"7.8200001717";"1.8999999762";\N;\N;\N;\N;"5.3397598267";"8";\N;"1.749150037765503";"34.9830017089844";\N;"1224.52001953125";"8385.900390625";"74.005500793";"28.52000045776367";\N;\N;\N;\N;\N;\N;\N;\N;\N
"69";"1006";"10084";"2004-03-25";"0";"3";"30.700000763";"42.0999984741";"6.7899999619";"7.6700000763";\N;"10.16670036315918";"1.6941000223";\N;\N;"3.6314399242";"38.323299408";\N;"3.299400091171265";"48.0089988708496";"3.541670084";"122.33000183105469";"4465.080078125";"121.76399994";"53.48099899291992";\N;\N;\N;\N;\N;\N;\N;\N;\N
"70";"1009";"10084";"2004-07-19";"0";"2.7000000477";"25.299999237";"41.9000015259";"5.0199999809";"7.1300001144";"2";\N;\N;\N;\N;"5.4899997711";"56.089401245";"0.8913499713";"2.531100034713745";"78.0390014648438";"11.699999809";"501.7250061035156";"5595.47998046875";"73.253898621";"36.2760009765625";\N;\N;\N;\N;\N;\N;\N;\N;\N
"71";"1002";"10085";"2003-11-25";"0";"2.2999999523";"29.5";"46";"8.029999733";"7.9200000763";"1.7999999523";\N;\N;\N;\N;"5.7967200279";"12";"2.008409977";"1.66919994354248";"33.3839988708496";\N;"909.3809814453125";"6851.919921875";"107.06500244";"38.53799819946289";\N;\N;\N;\N;\N;\N;\N;\N;\N
"72";"1006";"10085";"2004-03-25";"0";"2.5";"31.200000763";"43.2999992371";"7.1100001335";"7.7800002098";\N;"6";"1.7187999487";\N;\N;"3.8382000923";"14.602100372";\N;"3.172650098800659";"50.8170013427734";"6.2750000954";"298.4649963378906";"2331.449951171875";"245.55700684";"113.0619964599609";\N;\N;\N;\N;\N;\N;\N;\N;\N
"73";"1009";"10085";"2004-07-19";"0";"3";"25.600000381";"42.9000015259";"5.7699999809";"7.0999999046";"1.3999999762";"2.7301599979400635";"2.5236999989";"3.0983800888";"0.5746750236";"5.3499999046";"23.069599152";"0.5320259929";"3.301350116729736";"87.2819976806641";"14.550000191";"379.9570007324219";"4719.419921875";\N;\N;\N;\N;\N;\N;\N;\N;\N;\N;\N
"74";"1002";"10086";"2003-11-25";"0";"0.200000003";"28.100000381";"8.30000019073";"4.8800001144";"6.7699999809";"5.8000001907";\N;\N;\N;\N;"7.0557599068";"8";"0.4266189933";"2.119649887084961";"42.3930015563965";\N;"10.68970012664795";"763.02001953125";\N;\N;\N;\N;\N;\N;\N;\N;\N;\N;\N
"75";"1006";"10086";"2004-03-25";"0";"0.6000000238";"30.600000381";"14";"6.8400001526";"6.8000001907";\N;"12.16670036315918";"1.0892000198";\N;\N;"1.1715600491";"23.047000885";"0.2841159999";"3.861000061035156";"56.0040016174316";"9.1999998093";"4.154170036315918";"522.8099975585938";"0.0559418015";"1.503999948501587";\N;\N;\N;\N;\N;\N;\N;\N;\N
"76";"1009";"10086";"2004-07-22";"0";"1.2000000477";"23.600000381";"9.10000038147";"6.5500001907";"6.0999999046";"5.9000000954";"5.636360168457031";"1.0418000221";"4.062620163";"3.0208199024";"2.1426999569";"22.942800522";"0.4647380114";"2.677350044250488";"78.9359970092773";"2.9333300591";"193.17100524902344";"1045.6199951171875";"1.3132200241";"1.455999970436096";\N;\N;\N;\N;\N;\N;\N;\N;\N
"77";"1002";"10087";"2003-11-25";"0";"2";"28.600000381";"30.5";"6.5100002289";"7.5";"2";\N;\N;\N;\N;"4.9271998405";"2";\N;"2.238600015640259";"44.7719993591309";\N;"621.2449951171875";"4493.740234375";"266.32199097";"97.3479995727539";\N;\N;\N;\N;\N;\N;\N;\N;\N
"78";"1006";"10087";"2004-03-25";"0";\N;"30.399999619";"26.3999996185";"6.4899997711";"7.2300000191";\N;\N;"1.6988999844";\N;\N;"2.1880800724";"4.2904200554";\N;"3.119999885559082";"75.1139984130859";"2.2333300114";"35.11140060424805";"664.1099853515625";"0.5381010175";"1.965999960899353";\N;\N;\N;\N;\N;\N;\N;\N;\N
"79";"1009";"10087";"2004-07-22";"0";"3.9000000954";"25.100000381";"27.7999992371";"6.1999998093";"6.8499999046";"1";"0.25";"1.9308999777";"2.190500021";"0.2596000135";"3.9035999775";"45.92539978";"0.3723259866";"2.275650024414062";"75.6210021972656";"7.3083300591";"186.63099670410156";"5213.97021484375";"49.358200073";"21.92799949645996";\N;\N;\N;\N;\N;\N;\N;\N;\N
"80";"1002";"10088";"2003-11-25";"0";"0.5";"27.700000763";"10.3000001907";"6.1500000954";"6.9200000763";"1.3999999762";\N;\N;\N;\N;"3.861000061";"12";\N;"3.580199956893921";"71.6039962768555";\N;"2.6732499599456787";"861.9299926757812";"15.377599716";"12.7790002822876";\N;\N;\N;\N;\N;\N;\N;\N;\N
"81";"1006";"10088";"2004-03-25";"0";"0.6000000238";"26.5";"21.5";"5.4800000191";"6.9499998093";\N;\N;"0.8112999797";\N;\N;"2.0806798935";"30.161399841";\N;"3.564599990844727";"65.9879989624023";"1.6666699648";"5.711750030517578";"1271.699951171875";"4.2967000008";"3.364000082015991";\N;\N;\N;\N;\N;\N;\N;\N;\N
"82";"1009";"10088";"2004-07-20";"0";"0.6000000238";"23.600000381";"12.6000003815";"5.6700000763";"6.7800002098";"12";"7.5";"1.3105000257";"5.3053998947";"3.9948999882";"2.0715999603";"12.908800125";"0.3937779963";"2.698800086975098";"50.6220016479492";"1.4166699648";"7.727449893951416";"4295.52001953125";"1.0997899771";"1.228000044822693";\N;\N;\N;\N;\N;\N;\N;\N;\N
"83";"1002";"10089";"2003-11-25";"0";"1.7000000477";"29.200000763";"13.3999996185";"7.0599999428";"7.5900001526";"3.0999999046";\N;\N;\N;\N;"2.2807199955";"2";\N;"1.678949952125549";"33.5789985656738";\N;"164.29800415039062";"4140.56982421875";"29.696699142";"29.51499938964844";\N;\N;\N;\N;\N;\N;\N;\N;\N
"84";"1006";"10089";"2004-03-25";"0";"2.0999999046";"31.700000763";"24.2999992371";"6.9000000954";"7.3699998856";\N;\N;"1.6241999865";\N;\N;"1.9862400293";"14.569299698";\N;"3.730350017547607";"63.4529991149902";"5.4833297729";"405.54400634765625";"3645.5400390625";"43.914600372";"27.12899971008301";\N;\N;\N;\N;\N;\N;\N;\N;\N
"85";"1009";"10089";"2004-07-20";"0";"1.8999999762";"26.700000763";"14.1999998093";"6.0300002098";"6.8400001526";"2.7999999523";"4.4863600730896";"1.2951999903";"1.91474998";"0.6195499897";"2.0926001072";"22.36400032";"1.9428700209";"2.191800117492676";"66.0270004272461";"7.0999999046";"92.57440185546875";"6044.97021484375";"40.748100281";"18.82299995422363";\N;\N;\N;\N;\N;\N;\N;\N;\N
"86";"1002";"10090";"2003-11-25";"0";"2";"28.600000381";"31.5";"6.5";"7.5199999809";"1.7999999523";\N;\N;\N;\N;"4.524960041";\N;\N;"2.747550010681152";"54.951000213623";\N;"1023.4099731445312";"6279.7998046875";"141.71099854";"53.01900100708008";\N;\N;\N;\N;\N;\N;\N;\N;\N
"87";"1006";"10090";"2004-03-25";"0";"4.4000000954";"30.600000381";"26.2999992371";"6.1999998093";"7.4800000191";\N;\N;"1.5232000351";\N;\N;"2.3473200798";"5.3888998032";\N;"3.997499942779541";"77.2200012207031";"1.7666699886";"113.98600006103516";"3702.06005859375";"72.656402588";"27.67700004577637";\N;\N;\N;\N;\N;\N;\N;\N;\N
"88";"1009";"10090";"2004-07-20";"0";"3.7000000477";"26.299999237";"27.7999992371";"6.75";"6.8499999046";"1";"1.1666699647903442";"1.9773000479";"2.6223199368";"0.6450250149";"3.7894001007";"33.974201202";"0.4709829986";"1.983150005340576";"53.5470008850098";"7.0250000954";"111.78700256347656";"4436.81982421875";"107.03199768";"36.95700073242188";\N;\N;\N;\N;\N;\N;\N;\N;\N
"89";"1002";"10091";"2003-11-25";"0";"2";"29.5";"32.5";"6.5599999428";"7.6199998856";"2.2000000477";\N;\N;\N;\N;"5.4031200409";"8";\N;"2.129400014877319";"42.5880012512207";\N;"629.5590209960938";"4886.16015625";"191.75300598";"65.7699966430664";\N;\N;\N;\N;\N;\N;\N;\N;\N
"90";"1006";"10091";"2004-03-25";"0";"4.3000001907";"30.899999619";"26.3999996185";"7.5300002098";"7.2800002098";\N;"7.5";"1.3993999958";\N;\N;"2.0949599743";"14.339599609";\N;"3.732300043106079";"62.4000015258789";"2.208329916";"89.85289764404297";"2684.699951171875";"95.286201477";"33.90000152587891";\N;\N;\N;\N;\N;\N;\N;\N;\N
"91";"1009";"10091";"2004-07-22";"0";"3.5";"25.399999619";"28.2000007629";"6.1500000954";"6.7800002098";"0.8999999762";"1.25";"2.0467000008";"2.5927898884";"0.5460919738";"3.8719000816";"57.352600098";"0.4955089986";"2.632499933242798";"45.5130004882812";"6.875";"400.1080017089844";"4055.31005859375";"68.846199036";"30.89599990844727";\N;\N;\N;\N;\N;\N;\N;\N;\N
"92";"1202";"12135";"2004-11-21";"0";\N;"24.700000763";"300.5";"3.9802000523";"7.25";"7.25";"2.4000000953674316";"1.5650999546";"1.589599967";"0.0244999994";"4.222099781";\N;"0.0534048006";"1.220000028610229";"9.2362003326416";"737";"1.200410008430481";"2.568000078201294";"1.2004100084";"2.568000078201294";\N;\N;\N;\N;\N;\N;\N;\N;\N
"93";"1205";"12135";"2005-03-19";"0";"0.3000000119";"26";"213.300003052";"5.3895998001";"7.1100001335";"7.1100001335";"7.184850215911865";"2.9302000999";"2.9521000385";"0.0219000001";"4.2876000404";"28.45070076";"0.0190031007";"0.589999973773956";"9.33180999755859";"6273";"61.42829895019531";"23.545499801635742";"61.42829895";"23.54549980163574";\N;\N;\N;\N;\N;\N;\N;\N;\N
"94";"1208";"12135";"2005-08-28";"0";\N;"22.899999619";"308.100006104";"4.3365998268";"7.3200001717";"7.3200001717";"8.600000381469727";"1.371999979";"1.8459999561";"0.4740000069";"3.1909000874";"25.546300888";"0.0195982009";"3.210000038146973";"38.6417999267578";"1151";"168.5260009765625";"68.82499694824219";"168.52600098";"68.82499694824219";\N;\N;\N;\N;\N;\N;"-24.86000061";"6.75";\N
"95";"1202";"12136";"2004-11-20";"0";"4.0999999046";"27";"294.700012207";"6.3372998238";"7.6199998856";"7.6199998856";"1.2000000476837158";"0.7949000001";"0.8152999878";"0.0204000007";"3.2186000347";"101.02500153";"0.0425226018";"3.019999980926514";"51.6566009521484";"2825";"40.42300033569336";"14.04699993133545";"40.423000336";"14.04699993133545";"139.46299743652344";"0.47795501351356506";"246.1820068359";"56.63159942626953";"765.7340087890625";\N;\N;\N;\N
"96";"1202";"12136";"2004-11-20";"6";\N;"26.799999237";"282.200012207";"6.5883998871";"7.6399998665";"7.6399998665";"3.799999952316284";"0.7594000101";"0.804700017";"0.0452999994";"3.2653999329";"87.623298645";"0.0529015996";"4.170000076293945";"34.9651985168457";"3021";\N;\N;\N;\N;\N;\N;\N;\N;\N;\N;\N;\N;\N
"97";"1202";"12136";"2004-11-20";"12";\N;"27";"295.200012207";"5.5110998154";"7.4299998283";"7.4299998283";"1.600000023841858";"0.8683000207";"0.9387000203";"0.0703999996";"3.2565999031";"99.742103577";"0.057870999";"4.590000152587891";"36.4010009765625";"2852";\N;\N;\N;\N;\N;\N;\N;\N;\N;\N;\N;\N;\N
"98";"1202";"12136";"2004-11-20";"40";\N;"24.299999237";"272.899993896";"3.7209999561";"7.2399997711";"7.2399997711";"4.400000095367432";"0.8199999928";"0.8331000209";"0.0131000001";"4.5244998932";"109.81400299";"0.0696339011";"2.109999895095825";"0.60316902399063";"169";\N;\N;\N;\N;\N;\N;\N;\N;\N;\N;\N;\N;\N
"99";"1202";"12136";"2004-11-20";"60";\N;"23.299999237";"274.200012207";"3.6400001049";"7.1900000572";"7.1900000572";"2.5999999046325684";"0.7172999978";"0.7416999936";"0.0243999995";"4.456099987";"125.21099854";"0.0702629015";"2.289999961853027";"0.54286998510361";"207";\N;\N;\N;\N;\N;\N;\N;\N;\N;\N;\N;\N;\N
"100";"1205";"12136";"2005-03-18";"0";"3.5";"29.399999619";"323.899993896";"5.5191998482";"7.5399999619";"7.5399999619";"6.98484992980957";"0.9835000038";"1.4493000507";"0.4657999873";"3.4735000134";"9.8423299789";"0.0186132006";"3.160000085830688";"53.9747009277344";"4839";"224.8000030517578";"59.49800109863281";"224.80000305";"59.49800109863281";\N;\N;\N;\N;\N;\N;\N;\N;\N
"101";"1205";"12136";"2005-03-18";"5";\N;"28.700000763";"229";"5.7055001259";"7.3899998665";"7.3899998665";"14.484800338745117";"1.3157999516";"1.4010000229";"0.0851999968";"3.9188001156";"13.676300049";"0.0201113001";"5.300000190734863";"41.3269996643066";"2837";\N;\N;\N;\N;\N;\N;\N;\N;\N;\N;\N;\N;\N
"102";"1205";"12136";"2005-03-18";"10";\N;"26.799999237";"268.200012207";"5.6244997978";"7.2899999619";"7.2899999619";"2.9848499298095703";"1.0038000345";"1.5529999733";"0.5491999984";"4.1479997635";"5.9517598152";"0.0229432993";"4.699999809265137";"37.9283981323242";"2791";\N;\N;\N;\N;\N;\N;\N;\N;\N;\N;\N;\N;\N
"103";"1205";"12136";"2005-03-18";"30";\N;"26.399999619";"223.100006104";"2.8380999565";"7.0900001526";"7.0900001526";"3.184849977493286";"1.2832000256";"1.6513999701";"0.3682000041";"4.6290001869";"28.430299759";"0.0228406005";"3.119999885559082";"4.84232997894287";"320";\N;\N;\N;\N;\N;\N;\N;\N;\N;\N;\N;\N;\N
"104";"1205";"12136";"2005-03-18";"75";\N;"25.299999237";"228.399993896";"2.2873001099";"7.0300002098";"7.0300002098";"11.484800338745117";"1.5767999887";\N;\N;"6.1447000504";"28.197099686";"0.0246259999";"0.879999995231628";"0.10910499840975";"56";\N;\N;\N;\N;\N;\N;\N;\N;\N;\N;\N;\N;\N
"105";"1208";"12136";"2005-08-25";"0";"4.4000000954";"25.399999619";"500.100006104";"5.964700222";"7.5100002289";"7.5100002289";"3.200000047683716";"1.1173000336";"1.9580999613";"0.8407999873";"2.8552000523";"13.51609993";"0.0145087996";"3.244999885559082";"36.4011001586914";"2845";"103.25800323486328";"23.1299991607666";"103.25800323";"23.1299991607666";\N;\N;\N;\N;\N;\N;\N;\N;\N
"106";"1208";"12136";"2005-08-25";"7";\N;"23.600000381";"668.200012207";"6.4425997734";"7.4699997902";"7.4699997902";"5.400000095367432";"0.9132999778";"0.9261999726";"0.0129000004";"2.8164000511";"17.935300827";"0.0177922994";"2.940000057220459";"7.29195022583008";"1339";\N;\N;\N;\N;\N;\N;\N;\N;\N;\N;\N;\N;\N
"107";"1208";"12136";"2005-08-25";"14";\N;"23.5";"615.599975586";"6.2968001366";"7.4299998283";"7.4299998283";"4.199999809265137";"1.0745999813";"1.3243999481";"0.2497999966";"2.8675000668";"14.222900391";"0.0262678005";"3.694999933242798";"7.69243001937866";"698";\N;\N;\N;\N;\N;\N;\N;\N;\N;\N;\N;\N;\N
"108";"1208";"12136";"2005-08-25";"42";\N;"23.100000381";"542.799987793";"6.2481999397";"7.5500001907";"7.5500001907";"3.5999999046325684";"0.7972999811";"0.9635999799";"0.1662999988";"3.1710999012";"19.967699051";"0.0283199009";"2.795000076293945";"5.50367021560669";"527";\N;\N;\N;\N;\N;\N;\N;\N;\N;\N;\N;\N;\N
"109";"1208";"12136";"2005-08-25";"93";\N;"22.399999619";"488.200012207";"4.7010998726";"7.3400001526";"7.3400001526";"5";"0.8467000127";"0.8744000196";"0.0276999995";"3.4807999134";"18.822399139";"0.0246466007";"1.899999976158142";"0.03881790116429";"94";\N;\N;\N;\N;\N;\N;\N;\N;\N;\N;\N;\N;\N
"110";"1202";"12137";"2004-11-20";"0";"3.7000000477";"27.200000763";"326.200012207";"6.3777999878";"7.6900000572";\N;"3.200000047683716";"1.0236999989";"1.5825999975";"0.5588999987";"3.1675000191";"19.480800629";"0.0641613007";"3.414999961853027";"87.5012969970703";"5791";\N;\N;\N;\N;\N;\N;\N;\N;\N;\N;\N;\N;\N
"111";"1205";"12137";"2005-03-18";"0";"3";"29.200000763";"222";"6.1753001213";"7.4899997711";"7.4899997711";"5.084849834442139";"1.3042999506";"1.3266999722";"0.0223999992";"3.3664999008";"18.094100952";"0.0179769993";"3.730000019073486";"110.122001647949";"5368";"308.45599365234375";"101.97100067138672";"308.45599365";"101.9710006713867";\N;\N;\N;\N;\N;\N;\N;\N;\N
"112";"1208";"12137";"2005-08-25";"0";"5.3000001907";"24.799999237";"648.200012207";"6.5883998871";"7.6999998093";"7.6999998093";"3.5999999046325684";"0.9648000002";"1.3331999779";"0.3684000075";"2.9690999985";"21.696300507";"0.0167661998";"3.950000047683716";"17.1376991271973";"2057";"102.24299621582031";"45.59429931640625";"102.24299622";"45.59429931640625";\N;\N;\N;\N;\N;\N;"-27.79000092";"5.3600001335";\N
"113";"1202";"12138";"2004-11-20";"0";\N;"28.399999619";\N;"4.0206999779";"7.3099999428";"7.3099999428";"3.4000000953674316";"2.660200119";"2.7404000759";"0.0802000016";"3.9986999035";"59.407699585";"0.0534048006";"3.490000009536743";"99.3767013549805";"1849";"1107.1500244140625";"339.3320007324219";"1107.1500244";"339.3320007324219";\N;\N;\N;\N;\N;\N;\N;\N;\N
"114";"1205";"12138";"2005-03-20";"0";"0.5";"28.700000763";"210.800003052";"5.8027000427";"7.3499999046";"7.3499999046";"5.98484992980957";"1.6450999975";"1.7358000278";"0.0907000005";"3.4688000679";"21.928100586";"0.0260214992";"3.289999961853027";"16.035400390625";"1520";"289.6419982910156";"138.8699951171875";"289.64199829";"138.8699951171875";\N;\N;\N;\N;\N;\N;\N;\N;\N
"115";"1208";"12138";"2005-08-27";"0";\N;"23.200000763";"1171.5";"4.814499855";"7.4200000763";"7.4200000763";"2";"0.834800005";"1.8772000074";"1.0424000025";"5.0819997787";"30.726499557";"0.0166430995";"3.089999914169312";"19.5268001556396";"1432";\N;\N;\N;\N;\N;\N;\N;\N;\N;\N;"-25.04000092";"6.6999998093";\N
"116";"1202";"12139";"2004-11-20";"0";"3.2000000477";"28.200000763";"225.699996948";"6.4264001846";"7.5500001907";\N;"1.2000000476837158";"0.8957999945";"0.9517999887";"0.0560000017";"3.0495998859";"27.970500946";"0.0427112989";"3.684999942779541";"114.501998901367";"4885";"3.6330599784851074";"1.6100000143051147";"3.6330599785";"1.610000014305115";\N;\N;\N;\N;\N;\N;\N;\N;\N
"117";"1205";"12139";"2005-03-19";"0";"3.4000000954";"29.200000763";"255.600006104";"6.1510000229";"7.4800000191";"7.4800000191";"2.5848500728607178";"1.2756999731";"1.287700057";"0.0120000001";\N;"11.015099525";"0.0254468992";"3.259999990463257";"205.429000854492";"3242";"115.75700378417969";"60.03200149536133";"115.75700378";"60.03200149536133";\N;\N;\N;\N;\N;\N;\N;\N;\N
"118";"1208";"12139";"2005-08-27";"0";"3.2999999523";"24.100000381";"996.5";"6.7909002304";"7.3200001717";"7.3200001717";"4";"0.8519999981";"1.045699954";"0.1937000006";"2.8778998852";\N;"0.0176896993";"3.434999942779541";"52.1627998352051";"4012";"271.86700439453125";"73.63700103759766";"271.86700439";"73.63700103759766";\N;\N;\N;\N;\N;\N;"-27.31999969";"6.7100000381";\N
"119";"1202";"12140";"2004-11-20";"0";\N;"26.299999237";\N;"6.3372998238";"7.2800002098";"7.2800002098";"4.800000190734863";"1.0691000223";"1.1762000322";"0.1071000025";"4.4380998611";"46.493999481";"0.0667402968";"2.859999895095825";"20.3358001708984";"676";"7.2446699142456055";"24.264299392700195";"7.2446699142";"24.2642993927002";\N;\N;\N;\N;\N;\N;\N;\N;\N
"120";"1205";"12140";"2005-03-19";"0";"3.0999999046";"31.700000763";"260.200012207";"6.6532001495";"7.6599998474";"7.6599998474";"1.9848500490188599";"1.358899951";"1.4084999561";"0.0496000014";\N;"10.622799873";"0.0243797991";"5.010000228881836";"245.658004760742";"3429";"110.4749984741211";"63.56330108642578";"110.47499847";"63.56330108642578";\N;\N;\N;\N;\N;\N;\N;\N;\N
"121";"1208";"12140";"2005-08-27";"0";"2.5";"24.200000763";"747.099975586";"6.9447999001";"7.3299999237";"7.3299999237";"3.799999952316284";"0.8737000227";"1.5292999744";"0.6556000113";"2.4886000156";"11.429200172";"0.0314598009";"3.634999990463257";"36.5690994262695";"3714";"467.6099853515625";"204.68499755859375";"467.60998535";"204.6849975585938";\N;\N;\N;\N;\N;\N;"-26.18000031";"8.6499996185";\N
"122";"1202";"12141";"2004-11-20";"0";\N;"28.799999237";\N;"5.5353999138";"7.4200000763";"7.4200000763";"82";"3.521600008";"4.6810002327";"1.1593999863";"3.7908000946";"257.74798584";"0.0759871006";"3.625";"8.02579975128174";"717";"1.0584800243377686";"8.003999710083008";"1.0584800243";"8.003999710083008";\N;\N;\N;\N;\N;\N;\N;\N;\N
"123";"1205";"12141";"2005-03-19";"0";"0.200000003";"25.100000381";"200.399993896";"8.8482999802";"6.9000000954";"6.9000000954";"238.21200561523438";"2.355700016";"5.5223999023";"3.1666998863";"4.0051999092";"19.330799103";"0.0254059006";\N;"3.70949006080627";"113";"6.570310115814209";"8.054699897766113";"6.5703101158";"8.054699897766113";\N;\N;\N;\N;\N;\N;\N;\N;\N
"124";"1208";"12141";"2005-08-27";"0";\N;"24.399999619";"1158.09997559";"6.8800001144";"7.5399999619";"7.5399999619";"3.5999999046325684";"1.0480999947";"1.1352000237";"0.0870999992";\N;\N;"0.0301258005";"9.585000038146973";"39.0413017272949";"2037";"76.95899963378906";"55.2760009765625";"76.958999634";"55.2760009765625";\N;\N;\N;\N;\N;\N;"-28.37999916";"7.9099998474";\N
"125";"1202";"12142";"2004-11-20";"0";\N;"27";\N;"4.8955001831";"7.5";"7.5";"2.200000047683716";"1.42900002";"1.5017999411";"0.072800003";"4.7220001221";"116.04199982";"0.0510773994";"3.640000104904175";"11.0790996551514";"1609";"1.4920099973678589";"9.041000366210938";"1.4920099974";"9.041000366210938";\N;\N;\N;\N;\N;\N;\N;\N;\N
"126";"1205";"12142";"2005-03-19";"0";"0.5";"26.700000763";"205.300003052";"4.4499998093";"6.8499999046";"6.8499999046";"12.36970043182373";"1.348099947";"1.7726999521";"0.4246000051";\N;"18.607700348";"0.0219992995";"3.710000038146973";"68.5165023803711";"716";"4.770249843597412";"4.769999980926514";"4.7702498436";"4.769999980926514";\N;\N;\N;\N;\N;\N;\N;\N;\N
"127";"1208";"12142";"2005-08-26";"0";"3.5";"23.700000763";"546.299987793";"6.3130002022";"7.3699998856";"7.3699998856";"2.200000047683716";"0.8478000164";"0.9108999968";"0.0631000027";"3.328099966";"13.100199699";"0.022225";"5.329999923706055";"13.2941999435425";"1320";"24.161699295043945";"6.546000003814697";"24.161699295";"6.546000003814697";\N;\N;\N;\N;\N;\N;"-27.70000076";"11.970000267";\N
"128";"1202";"12143";"2004-11-20";"0";\N;"23.700000763";\N;"4.1503000259";"7.25";"7.25";"1.399999976158142";"1.2286000252";"1.451300025";"0.2226999998";"4.1838998795";"63.775901794";"0.057870999";"2.559999942779541";"12.4207000732422";"719";"0.5427079796791077";"0.8069999814033508";"0.5427079797";"0.806999981403351";\N;\N;\N;\N;\N;\N;\N;\N;\N
"129";"1205";"12143";"2005-03-19";"0";"0.200000003";"24.5";"251.399993896";"6.0862002373";"6.7800002098";"6.7800002098";"115.7699966430664";"1.2673000097";"2.4907000065";"1.2233999968";"4.3207998276";"21.314100266";"0.0241129994";"2.839999914169312";\N;\N;"4.0795698165893555";"2.052000045776367";"4.0795698166";"2.052000045776367";\N;\N;\N;\N;\N;\N;\N;\N;\N
"130";"1208";"12143";"2005-08-26";"0";"4.0999999046";"23.299999237";"582.799987793";"6.2562999725";"7.5300002098";"7.5300002098";"1.2000000476837158";"0.7473999858";"0.8614000082";"0.1140000001";"3.3870999813";"11.128299713";"0.0151655003";"2.789999961853027";"15.9047002792358";"1412";"35.10279846191406";"9.923999786376953";"35.102798462";"9.923999786376953";\N;\N;\N;\N;\N;\N;"-28.51499939";"10";\N
"131";"1205";"12146";"2005-03-20";"0";"3.5";"28.600000381";"232.399993896";"5.6325998306";"7.4800000191";"7.4800000191";"4.384850025177002";"1.0029000044";"1.2681000233";"0.2651999891";\N;"14.635299683";"0.0241129994";\N;\N;\N;"83.35089874267578";"42.26300048828125";"83.350898743";"42.26300048828125";"222.28599548339844";"6.027219772338867";"355.2369995117";"57.0281982421875";"828.864013671875";"2.05999994277954";\N;\N;\N
"132";"1205";"12146";"2005-03-20";"6";\N;"28.700000763";"244.399993896";"4.765900135";"7.4899997711";"7.4899997711";"12.984800338745117";"0.8777999878";"1.3471000195";"0.4693000019";\N;"32.879901886";"0.0227380004";\N;\N;\N;\N;\N;\N;\N;\N;\N;\N;\N;\N;\N;\N;\N;\N
"133";"1205";"12146";"2005-03-20";"11";\N;"28.200000763";"272.200012207";"5.4300999641";"7.4600000381";"7.4600000381";"5.284850120544434";"0.9064999819";"1.3042000532";"0.3977000117";\N;"6";"0.0219582003";\N;\N;\N;\N;\N;\N;\N;\N;\N;\N;\N;\N;\N;\N;\N;\N
"134";"1205";"12146";"2005-03-20";"20";\N;"27.399999619";"239.600006104";"4.9684000015";"6.8699998856";"6.8699998856";"3.184849977493286";"1.3220000267";"1.8760000467";"0.55400002";\N;"21.825500488";"0.0228611995";\N;\N;\N;\N;\N;\N;\N;\N;\N;\N;\N;\N;\N;\N;\N;\N
"135";"1205";"12146";"2005-03-20";"30";\N;"26.600000381";"232.399993896";"4.6119999886";"6.9400000572";"6.9400000572";"9.584850311279297";"1.3438999653";"1.837100029";"0.4932000041";\N;"27.498600006";"0.0229842998";\N;\N;\N;\N;\N;\N;\N;\N;\N;\N;\N;\N;\N;\N;\N;\N
"136";"1208";"12146";"2005-08-25";"0";"5";"23.200000763";"252.800003052";"5.1627998352";"7.5500001907";"7.5500001907";"2.799999952316284";"0.7236999869";"0.7501999736";"0.0264999997";\N;"21.566400528";"0.0175254997";"3.720000028610229";"23.0475006103516";"1904";"28.902999877929688";"14.40999984741211";"28.902999878";"14.40999984741211";"170.11099243164062";"32.688899993896484";"824.1409912109";"55.3047981262207";"359.4530029296875";\N;"-27.77000046";"5.8400001526";\N
"137";"1208";"12146";"2005-08-25";"7.5";\N;"23.200000763";"371.299987793";"5.6244997978";"7.7699999809";"7.7699999809";"2.799999952316284";"0.989199996";"1.1746000051";"0.1853999943";"1.1138999462";"17.600099564";"0.0171767008";"2.894999980926514";"17.4589996337891";"2187";\N;\N;\N;\N;\N;\N;\N;\N;\N;\N;"-28.38999939";"12.56000042";\N
"138";"1208";"12146";"2005-08-25";"15";\N;"23.100000381";"365.100006104";"5.1465997696";"7.6399998665";"7.6399998665";"4.400000095367432";"0.8896999955";"1.2386000156";"0.3488999903";"2.8791000843";"18.648500443";"0.0167661998";"3.799999952316284";"32.3816986083984";"1507";\N;\N;\N;\N;\N;\N;\N;\N;\N;\N;"-27.79000092";"11.470000267";\N
"139";"1208";"12146";"2005-08-25";"22.5";\N;"22.899999619";"495.600006104";"5.2519001961";"7.5500001907";"7.5500001907";"4.800000190734863";"1.1375000477";"1.3205000162";"0.1829999983";"3.048199892";"18.490299225";"0.0189826004";"2.789999961853027";"13.8633003234863";"379";\N;\N;\N;\N;\N;\N;\N;\N;\N;\N;"-28.34000015";"0.0299999993";\N
"140";"1208";"12146";"2005-08-25";"30";\N;"23";"645.200012207";"5.5840001106";"7.4899997711";"7.4899997711";"8.600000381469727";"0.7637000084";"1.0245000124";"0.260800004";"3.2293999195";"17.23290062";"0.0218556002";"1.850000023841858";"10.9555997848511";"133";\N;\N;\N;\N;\N;\N;\N;\N;\N;\N;"-29.07999992";"11.625";\N
"141";"1205";"12148";"2005-03-19";"0";"1.7000000477";"29.399999619";"271.399993896";"5.8755998611";"7.5300002098";"7.5300002098";"28.769699096679688";"1.1100000143";"1.2695000172";"0.1595000029";\N;"8.8958702087";"0.0238461997";"3.619999885559082";"377.105010986328";"14355";"99.65409851074219";"37.73500061035156";"99.654098511";"37.73500061035156";\N;\N;\N;\N;\N;\N;\N;\N;\N
"142";"1208";"12148";"2005-08-26";"0";"3.2999999523";"25.100000381";"582.799987793";"6.3453998566";"7.5300002098";"7.5300002098";"7";"0.8061000109";"0.9552999735";"0.1492000073";"3.320499897";"14.074199677";"0.0234357994";"2.910000085830688";"41.6509017944336";"2000";"16.118900299072266";"12.430000305175781";"16.118900299";"12.43000030517578";\N;\N;\N;\N;\N;\N;"-29.44000053";"10.989999771";\N
"143";"1306";"13060";"2005-03-15";"0";\N;"27.100000381";"31.1000003815";"6.4183001518";"7.2300000191";"24.799999237";"12";"1.7700999975";"3.0251998901";"1.2551000118";"3.3355000019";"20.053600311";"0.7883719802";"0.758953988552094";"15.1791000366211";"3.9900000095";\N;\N;\N;\N;\N;\N;\N;\N;\N;\N;\N;\N;\N
"144";"1306";"13060";"2005-03-15";"1.5";\N;"27";"30.6000003815";"5.7136001587";"7.0999999046";"28.200000763";"5.800000190734863";"2.2732999325";"2.3231999874";"0.0498999991";"0";"41.70249939";"0.6128039956";"0.81811797618866";"16.3624000549316";"4.1500000954";\N;\N;\N;\N;\N;\N;\N;\N;\N;\N;\N;\N;\N
"145";"1306";"13060";"2005-03-15";"8";\N;"26.5";"29.2000007629";"5.9485001564";"7";"47.799999237";"42";"2.6510000229";"2.9551999569";"0.3041999936";"3.2739999294";"43.675201416";"0.7683749795";"0.794579029083252";"15.8915996551514";"2.8800001144";\N;\N;\N;\N;\N;\N;\N;\N;\N;\N;\N;\N;\N
"146";"1306";"13060";"2005-03-15";"17";\N;"26.299999237";"28.2999992371";"6.1266999245";"6.7800002098";"58.299999237";"27.5";"1.9450999498";"3.4096000195";"1.4644999504";"3.8901998997";"40.556800842";"0.6404250264";"0.807938992977142";"16.1588001251221";"2.6700000763";\N;\N;\N;\N;\N;\N;\N;\N;\N;\N;\N;\N;\N
"147";"1306";"13060";"2005-03-15";"35";\N;"25.200000763";"26.7000007629";"6.6289000511";"6.7300000191";"107.30000305";"28.25";"1.5405999422";"3.8761000633";"2.3355000019";"3.0536000729";"24.309400558";"0.6737579703";"0.851835012435913";"17.0366992950439";"2.8299999237";\N;\N;\N;\N;\N;\N;\N;\N;\N;\N;\N;\N;\N
"148";"1310";"13060";"2005-08-24";"0";\N;"23.700000763";"32.5999984741";"4.6767997742";"7.7199997902";"4";"0.4000000059604645";"1.0381000042";"1.1969000101";"0.1588000059";"3.2871000767";"21.035200119";"0.4820500016";"1.012150049209595";"20.2430000305176";"4.4400000572";"28.15489959716797";"2401.080078125";"54.081699371";"48.12200164794922";\N;\N;\N;\N;\N;\N;"-30.04000092";"14.130000114";\N
"149";"1310";"13060";"2005-08-24";"2.5";\N;"22.899999619";"32.4000015259";"4.8550000191";"7.6199998856";"3.7000000477";"1.2000000476837158";"0.9686999917";"1.0559999943";"0.0873000026";"3.6777999401";"23.226900101";"0.337996006";"0.807303011417389";"16.1460990905762";"3.8350000381";"36.87649917602539";"1189.5999755859375";\N;\N;\N;\N;\N;\N;\N;\N;"-28.96999931";"8.1199998856";\N
"150";"1310";"13060";"2005-08-24";"5";\N;"22.600000381";"31.7999992371";"4.7497000694";"7.6599998474";"3.7000000477";"1.600000023841858";"0.9994999766";"1.035400033";"0.0359000005";"3.7353999615";"32.57049942";"0.4328989983";"1.18137001991272";"23.6273994445801";"3.6500000954";"16.459199905395508";"847.7999877929688";\N;\N;\N;\N;\N;\N;\N;\N;\N;\N;\N
"151";"1310";"13060";"2005-08-24";"15";\N;"21.5";"29.7000007629";"2.1577000618";"7.6199998856";"4.4000000954";"8";"0.7039999962";"0.7325000167";"0.0285";"4.126999855";"22.003400803";"0.4138579965";"0.653348982334137";"13.0670003890991";"2.7650001049";"2.7193400859832764";"169.55999755859375";\N;\N;\N;\N;\N;\N;\N;\N;"-29.45000076";"12.260000229";\N
"152";"1310";"13060";"2005-08-24";"26";\N;"23.299999237";"32.7999992371";"5.211400032";"7.7399997711";"4.0999999046";"6.400000095367432";"0.8068000078";"0.9526000023";"0.1457999945";"3.3526000977";"17.109699249";"0.7128589749";"1.03328001499176";"20.665599822998";"2.8199999332";"11.924200057983398";"494.54998779296875";\N;\N;\N;\N;\N;\N;\N;\N;"-29.39500046";"8.5200004578";\N
"153";"1302";"13099";"2004-11-16";"0";"0.200000003";"26.200000763";"41.0999984741";"6.1185998917";"7.4499998093";"52";"33.20000076293945";"3.1180999279";"3.1649999619";"0.0469000004";"3.4249999523";"70.894203186";"1.2709499598";"2.096250057220459";"41.9249992370605";"4.1449999809";"3.2091898918151855";"255.74000549316406";"1.1827199459";"2.198999881744385";\N;\N;\N;\N;\N;\N;\N;\N;\N
"154";"1306";"13099";"2005-03-15";"0";"0.200000003";"26.899999619";"32.4000015259";"4.4176001549";"7.0399999619";"58.799999237";"36.400001525878906";"1.6984000206";"2.0873999596";"0.3889999986";"3.5608999729";"24.458799362";"0.7114120126";"0.63426399230957";"12.6852998733521";"3.5499999523";"5.17641019821167";"157";"0.451575011";"0.796999990940094";\N;\N;\N;\N;\N;\N;\N;\N;\N
"155";"1310";"13099";"2005-08-23";"0";"0.200000003";"23.100000381";"38";"5.8270001411";"7.4600000381";"50";"63";"1.9893000126";"2.4714000225";"0.4821000099";"4.2856001854";"28.645299911";"0.767219007";"1.032510042190552";"20.6501998901367";"4.1750001907";"4.581639766693115";"268.4700012207031";"0.5718920231";"0.617999970912933";\N;\N;\N;\N;\N;\N;"-24.625";"9.2049999237";\N
"156";"1302";"13100";"2004-11-16";"0";"0.5";"27.100000381";"43.0999984741";"5.6893000603";"7.4699997902";"24.399999619";"5.199999809265137";"2.4444000721";"2.4730000496";"0.0285999998";"3.3131000996";"54.457500458";"1.1386100054";"3.564599990844727";"71.2919998168945";"4.2849998474";"6.359449863433838";"282.5400085449219";"42.748901367";"17.89500045776367";\N;\N;\N;\N;\N;\N;\N;\N;\N
"157";"1306";"13100";"2005-03-17";"0";"0.200000003";"27.100000381";"29.5";"6.7017998695";"7.3000001907";"27.5";"27.600000381469727";"1.5857000351";"2.2683999538";"0.6826999784";"3.2246000767";"23.520900726";"0.7847800255";"0.774222016334534";"15.4843997955322";"2.8699998856";"163.14199829101562";"926.5999755859375";"16.478599548";"7.196000099182129";\N;\N;\N;\N;\N;\N;\N;\N;\N
"158";"1310";"13100";"2005-08-23";"0";"1.1000000238";"24.399999619";"37.4000015259";"5.3491001129";"7.5100002289";"8.6000003815";"10";"1.0285999775";"1.1155999899";"0.0869999975";"3.9353001118";"34.905101776";"0.5116500258";"0.578917026519775";"11.5783004760742";"3.3099999428";"5.284520149230957";"520.4500122070312";"115.44200134";"148.6970062255859";\N;\N;\N;\N;\N;\N;"-29.85000038";"6.4299998283";\N
"159";"1302";"13101";"2004-11-17";"0";"0.6000000238";"29.600000381";"43.5";"6.6694002151";"7.3600001335";"17.700000763";"20";"1.4306000471";"1.4412000179";"0.0105999997";"3.260299921";\N;"1.228489995";"2.043600082397461";"40.8720016479492";"4.8649997711";"35.76599884033203";"266.8999938964844";"367.82400513";"66.73699951171875";\N;\N;\N;\N;\N;\N;\N;\N;\N
"160";"1306";"13101";"2005-03-15";"0";"0.400000006";"28.700000763";"30.8999996185";"4.636300087";"7.2300000191";"18.399999619";"2.200000047683716";"1.7508000135";"1.8389999866";"0.0882000029";"3.4579999447";"23.44949913";"0.7733659744";"0.697245001792908";"13.944899559021";"3.8949999809";"19.2367000579834";"269.92999267578125";"132.27000427";"57.39899826049805";\N;\N;\N;\N;\N;\N;\N;\N;\N
"161";"1310";"13101";"2005-08-22";"0";"2";"23.200000763";"33.4000015259";"5.0980000496";"7.4600000381";"2.7999999523";"9.600000381469727";\N;\N;\N;"0";"25.167800903";"0.4386619925";"0.704243004322052";"14.0848999023438";"4.5399999619";"34.4818000793457";"1633";"5.7832398415";"4.408999919891357";\N;\N;\N;\N;\N;\N;"-28.86000061";"6.3099999428";\N
"162";"1302";"13102";"2004-11-17";"0";"1";"27.799999237";"44.2000007629";"6.2400999069";"7.6900000572";"12.600000381";"4.599999904632568";"1.7015000582";"1.7454999685";"0.0439999998";"3.2881000042";"54.947200775";"1.0120999813";"2.018249988555908";"40.3650016784668";"4.0799999237";"4.778669834136963";"522.8099975585938";"301.07299805";"68.60130310058594";\N;\N;\N;\N;\N;\N;\N;\N;\N
"163";"1306";"13102";"2005-03-15";"0";"0.5";"28.299999237";"30.5";"4.2880001068";"7.1199998856";"24.200000763";"4";"1.5160000324";"1.6819000244";"0.1659000069";"3.5095999241";"20.651899338";"0.534390986";"0.668617010116577";"13.3723001480103";"4.6300001144";"0.05449780076742172";"28.260000228881836";"148.82000732";"55.99300003051758";\N;\N;\N;\N;\N;\N;\N;\N;\N
"164";"1310";"13102";"2005-08-22";"0";"2.7999999523";"23";"33.5";"5.3004999161";"7.5300002098";"2.4000000954";"6.199999809265137";"1.0576000214";"1.1126999855";"0.0551000014";"3.491699934";"23.197900772";"0.3544769883";"0.837839007377625";"16.756799697876";"4.1900000572";"26.102500915527344";"1617.0999755859375";"19.044599533";"10.39799976348877";\N;\N;\N;\N;\N;\N;"-29.19000053";"12.050000191";\N
"165";"1302";"13103";"2004-11-18";"0";"1.7000000477";"28.100000381";"43.4000015259";"5.4908499718";"7.6500000954";"79";"2.4000000953674316";"1.4060000181";"1.6583000422";"0.2522999942";"3.538599968";"187.42199707";"0.9855030179";"1.805699944496155";"36.1139984130859";"7.6350002289";"37.15850067138672";"3494.449951171875";"379.65100098";"147.1909942626953";"14";"1";"205";"14";"365";"60.2123985290527";\N;\N;\N
"166";"1302";"13103";"2004-11-18";"2.5";\N;"27.600000381";"43.4000015259";"5.4422497749";"7.8600001335";"60.700000763";"2";"1.3015999794";"1.5454000235";"0.2437999994";"3.4906001091";"62.770900726";"0.8290609717";"1.259699940681458";"25.1940002441406";"5.2800002098";"20.947999954223633";"3580.199951171875";\N;\N;\N;\N;\N;\N;\N;\N;\N;\N;\N
"167";"1302";"13103";"2004-11-18";"5";\N;"27.5";"43.4000015259";"5.16685009";"7.8200001717";"107.30000305";"2";"1.173699975";"1.2510000467";"0.0772999972";"3.5060999393";"44.770900726";"1.0387300253";"1.961699962615967";"39.234001159668";"6.5700001717";"94.4136962890625";"3701.5";\N;\N;\N;\N;\N;\N;\N;\N;\N;\N;\N
"168";"1302";"13103";"2004-11-18";"20";\N;"25.700000763";"42.0999984741";"2.3561499119";"6.2600002289";"75.099998474";"5.599999904632568";"1.0863000154";"1.4804999828";"0.3941999972";"4.6185002327";"55.740200043";"0.7185140252";"1.903200030326843";"38.0639991760254";"3.0899999142";"0.3847630023956299";"204.10000610351562";\N;\N;\N;\N;\N;\N;\N;\N;\N;\N;\N
"169";"1302";"13103";"2004-11-18";"45";\N;"20.700000763";"31.7999992371";"6.2360501289";\N;\N;\N;\N;\N;\N;"4.5338001251";\N;"2.6203401089";"2.043600082397461";"40.8720016479492";"4.3899998665";"1.0536400079727173";"596";\N;\N;\N;\N;\N;\N;\N;\N;\N;\N;\N
"170";"1306";"13103";"2005-03-15";"0";"0.8000000119";"28.700000763";"32.2000007629";"4.3933000565";"7.3899998665";"16.700000763";"4";"1.2618000507";"1.5406999588";"0.2788999975";"4.219399929";"30.023199081";"0.4829809964";"0.509573996067047";"10.191499710083";"3.0199999809";"2.9295899868011475";"143";"210.45199585";"96.78299713134766";"12";"0.5";"578";"121";"1005";\N;\N;\N;\N
"171";"1306";"13103";"2005-03-15";"1.5";\N;"28.799999237";"32.9000015259";"4.4095001221";"7.1999998093";"16.5";"5.599999904632568";"1.746999979";"1.7709000111";"0.0239000004";\N;"30.242900848";"0.7904899716";"0.655257999897003";"13.1051998138428";"3.7999999523";"23.924999237060547";"508.67999267578125";\N;\N;\N;\N;\N;\N;\N;\N;\N;\N;\N
"172";"1306";"13103";"2005-03-15";"3";\N;"28.399999619";"32.9000015259";"4.6525001526";"7.2600002289";"18";"4.400000095367432";"1.7503999472";"1.8135000467";"0.0631000027";"3.75";"22.425600052";"0.682987988";"0.601182997226715";"12.023699760437";"2.9549999237";"13.006099700927734";"128.6999969482422";\N;\N;\N;\N;\N;\N;\N;\N;\N;\N;\N
"173";"1306";"13103";"2005-03-15";"20";\N;"26.200000763";"28.2000007629";"4.1259999275";"6.9299998283";"45";"79.19999694824219";"1.8624999523";"1.8985999823";"0.0361000001";"3.5725998878";"32.139400482";"0.8841999769";"0.659711003303528";"13.1941995620728";"2.4900000095";"3.2951700687408447";"421.0400085449219";\N;\N;\N;\N;\N;\N;\N;\N;\N;\N;\N
"174";"1306";"13103";"2005-03-15";"40";\N;"24";"28.7999992371";"5.0980000496";"6.8200001717";"184";"15.48390007019043";"2.6252000332";"4.5057997704";"1.8805999756";"3.5569000244";"38.680400848";"1.3679200411";"0.864557981491089";"17.2912006378174";"2.7249999046";"0.03808140009641647";"55.91999816894531";\N;\N;\N;\N;\N;\N;\N;\N;\N;\N;\N
"175";"1310";"13103";"2005-08-22";"0";"3.2000000477";"23.299999237";"32.2000007629";"5.0170001984";"7.4699997902";"2.2000000477";"2.799999952316284";"1.1710000038";"1.4977999926";"0.3267999887";"3.9964001179";"20.782100677";"0.5052440166";"0.719510972499847";"14.3901996612549";"3.625";"25.842100143432617";"1211.4000244140625";"11.89470005";"5.489999771118164";"15";"18";"359";"16";"164";\N;\N;\N;\N
"176";"1310";"13103";"2005-08-22";"5";\N;"23";"33.5";"6.2319998741";"7.5399999619";"3.0999999046";"3.200000047683716";"1.231400013";"1.2726999521";"0.0412999988";"3.6238000393";"14.684700012";"0.4028789997";"0.808574974536896";"16.1714992523193";"3.2349998951";"39.266300201416016";"1569.4300537109375";\N;\N;\N;\N;\N;\N;\N;\N;\N;\N;\N
"177";"1310";"13103";"2005-08-22";"10";\N;"22.299999237";"33.5999984741";"5.0089001656";"7.5";"2.5";"6.199999809265137";"1.0806000233";"1.1467000246";"0.0661000013";"4.3681998253";\N;"0.5156869888";"0.969527006149292";"19.3904991149902";"4.4400000572";"13.670599937438965";"1020.5";\N;\N;\N;\N;\N;\N;\N;\N;\N;\N;\N
"178";"1310";"13103";"2005-08-22";"25";\N;"21.5";"34.2999992371";"3.7614998817";"7.4600000381";"4";"6.199999809265137";"0.8593000174";"1.236199975";"0.3768999875";"3.6521999836";"25.157699585";"0.4298309982";"0.700425982475281";"14.0085000991821";"3.5250000954";"1.7282400131225586";"53.84000015258789";\N;\N;\N;\N;\N;\N;\N;\N;\N;\N;\N
"179";"1310";"13103";"2005-08-22";"60";\N;"20.799999237";"35.7000007629";"2.0524001122";"7.3099999428";"3.2999999523";"5.400000095367432";"0.8607000113";"1.2308000326";"0.3700999916";"4.1245999336";"27.225099564";"0.2010650039";"0.963801026344299";"19.2759990692139";"2.9449999332";"9.727629661560059";"172.6999969482422";\N;\N;\N;\N;\N;\N;\N;\N;\N;\N;\N
"180";"1302";"13104";"2004-11-17";"0";\N;"27";"43.0999984741";"5.608300209";"7.5500001907";"7.3200001717";"3.4000000953674316";"1.3937000036";"1.4334000349";"0.0397000015";"3.9426999092";"63.407699585";"0.9443749785";"1.433249950408936";"28.6650009155273";"4.3899998665";"87.95559692382812";"3899.8798828125";"37.4333992";"10.77600002288818";\N;\N;\N;\N;\N;\N;\N;\N;\N
"181";"1306";"13104";"2005-03-17";"0";"0.349999994";"27.299999237";"29.3999996185";"5.8998999596";"7";"32.400001526";"19.200000762939453";"1.5353000164";"1.6686999798";"0.1333999932";"3.7946999073";"24.072099686";"0.8834819794";"0.660983026027679";"13.2196998596191";"3.7000000477";"7.192910194396973";"152.10000610351562";"15.18710041";"5.892499923706055";\N;\N;\N;\N;\N;\N;\N;\N;\N
"182";"1310";"13104";"2005-08-24";"0";\N;"22.899999619";"35";"4.320400238";\N;"2.5";"7";\N;\N;\N;"3.8994998932";"28.872299194";"0.8049880266";"0.980341970920563";"19.6068000793457";"3.6199998856";"6.765289783477783";"551.0700073242188";"41.624401093";"20.86700057983398";\N;\N;\N;\N;\N;\N;"-27.40999985";"7.8600001335";\N
"183";"1302";"13105";"2004-11-18";"0";"0.1000000015";"26.700000763";"188.399993896";"5.2761998177";"7.9400000572";"13.600000381";"103.23300170898438";"3.2237999439";"3.3285999298";"0.1048000008";"17.407300949";\N;\N;"2.256150007247925";"45.1230010986328";"5.7550001144";"6.657320022583008";"1794.510009765625";"177.53300476";"83.589599609375";\N;\N;\N;\N;\N;\N;\N;\N;\N
"184";"1306";"13105";"2005-03-14";"0";"0.3000000119";"26.600000381";"18.2999992371";"5.1465997696";"6.9499998093";"22";"42.400001525878906";"1.2825000286";"1.9944000244";"0.7118999958";"2.8169999123";"14.251999855";"0.7612450123";"0.685158014297485";"13.703200340271";"2.9200000763";"11.918600082397461";"244.02000427246094";"7.3950400352";"4.241899967193604";\N;\N;\N;\N;\N;\N;\N;\N;\N
"185";"1302";"13106";"2004-11-18";"0";"0.1000000015";"24.799999237";"20.5";"7.0824999809";"7.2399997711";"93.5";"193.5";\N;\N;\N;"2.7681999207";\N;\N;"1.589249968528748";"31.7849998474121";"3.5250000954";"1.2316900491714478";"134.22000122070312";"16.099599838";"17.17799949645996";\N;\N;\N;\N;\N;\N;\N;\N;\N
"186";"1306";"13106";"2005-03-14";"0";"0.3000000119";"27.299999237";"18.5";"5.6406998634";"6.8299999237";"23.299999237";"14.399999618530273";"1.2213000059";"1.7947000265";"0.5734000206";"3.0041000843";"19.438899994";"0.9243869781";"0.844837009906769";"16.8966999053955";"3.1199998856";"0.7058680057525635";"366.0299987792969";"195.43600464";"41.55400085449219";\N;\N;\N;\N;\N;\N;\N;\N;\N
"187";"1302";"13107";"2004-11-17";"0";"0.1000000015";"23.100000381";"25.8999996185";"9.3221502304";"7.1199998856";"225";"8";"1.8035999537";"4.2941999435";"2.4906001091";"2.5418000221";"80.840301514";"1.8020800352";"2.802150011062622";"56.0429992675781";"2.9400000572";\N;\N;"0.4892199934";"2.703799962997437";\N;\N;\N;\N;\N;\N;\N;\N;\N
"188";"1306";"13107";"2005-03-14";"0";"0.6000000238";"29.299999237";"25.1000003815";"4.9278998375";"7.1300001144";"14.199999809";"8.199999809265137";"1.2624000311";"1.7991000414";"0.5367000103";"3.6923000813";"21.830400467";"0.5449709892";"0.697245001792908";"13.944899559021";"3.0099999905";"3.1240100860595703";"381.510009765625";"61.242401123";"18.77400016784668";\N;\N;\N;\N;\N;\N;\N;\N;\N
"189";"1310";"13107";"2005-08-23";"0";"1.1000000238";"24.799999237";"32";"5.9161000252";"7.5";"5.5999999046";"10";"1.3294999599";"1.4763000011";"0.1467999965";"3.4196999073";"27.201099396";"0.6001650095";\N;\N;"3.4249999523";"34.81909942626953";"1059.75";"826.2199707";"181.3789978027344";\N;\N;\N;\N;\N;\N;"-29";"7.4000000954";\N
"190";"1302";"13108";"2004-11-16";"0";"1.1000000238";"26.899999619";"44.0999984741";"4.7982997894";"7.4400000572";"8.9399995804";"4.400000095367432";"2.3410000801";"2.3422000408";"0.0012000001";"3.3173000813";"96.096603394";"0.863173008";"2.002650022506714";"40.0530014038086";"4.6900000572";"12.280799865722656";"720.6300048828125";"256.51000977";"85.22640228271484";\N;\N;\N;\N;\N;\N;\N;\N;\N
"191";"1306";"13108";"2005-03-14";"0";"0.6999999881";"28.100000381";"31.5";"4.9116997719";"7.0900001526";"14.800000191";"2.4000000953674316";"1.4031000137";"1.5003999472";"0.0973000005";"4.040599823";"31.497699738";"0.6908010244";"0.759590029716492";"15.1918001174927";"3.5899999142";"18.882200241088867";"706.8499755859375";"58.506401062";"19.62899971008301";\N;\N;\N;\N;\N;\N;\N;\N;\N
"192";"1310";"13108";"2005-08-23";"0";"1.7000000477";"23.899999619";"32.5";"6.1834001541";"7.5799999237";"2.9000000954";"0.4000000059604645";"0.9603999853";"1.1144000292";"0.1539999992";"3.5067000389";"17.073600769";"0.5404040217";"0.900183975696564";"18.0037002563477";"3.2300000191";"19.160400390625";"1554.300048828125";"188.76499939";"118.4560012817383";\N;\N;\N;\N;\N;\N;"-31.17000008";"10.529999733";\N
"193";"1302";"13109";"2004-11-18";"0";"0.1000000015";"24.799999237";"21.6000003815";"10.055199623";"7.4299998283";"423";"433";"4.353099823";"9.8374996185";"5.4843997955";"2.502300024";\N;\N;"1.686750054359436";"33.7350006103516";\N;"2.356489896774292";"546.8099975585938";\N;\N;\N;\N;\N;\N;\N;\N;\N;\N;\N
"194";"1306";"13109";"2005-03-15";"0";"0.200000003";"26.700000763";"34.5";"4.4176001549";"7.3600001335";"54.700000763";"66.19999694824219";"1.6008000374";"2.4642999172";"0.863499999";"3.7190001011";"28.648799896";"1.0880800486";"0.844201028347015";"16.8840007781982";"3.75";"5.02200984954834";"198.83999633789062";"2.6180698872";"2.020600080490112";\N;\N;\N;\N;\N;\N;\N;\N;\N
"195";"1302";"13110";"2004-11-18";"0";\N;\N;\N;\N;\N;"3.2599999905";"1.2000000476837158";"2.0908000469";"2.1296999454";"0.0388999991";\N;"58.894199371";"0.7369719744";\N;\N;"5";\N;\N;\N;\N;\N;\N;\N;\N;\N;\N;\N;\N;\N
"196";"1306";"13110";"2005-03-15";"0";"1";"29";"29.6000003815";"4.4176001549";"7.6500000954";"9.6999998093";"3.4000000953674316";"1.3730000257";"1.4701000452";"0.0970999971";"3.3756999969";"18.245000839";"0.7498450279";"0.695972979068756";"13.9195003509521";"3.7850000858";"29.298900604248047";"914.4600219726562";"449.20901489";"185.2740020751953";\N;\N;\N;\N;\N;\N;\N;\N;\N
"197";"1310";"13110";"2005-08-22";"0";"2.0999999046";"22.799999237";"31.7999992371";"4.6444001198";"7.5199999809";"2.9000000954";"4.599999904632568";"0.8555999994";"1.0658999681";"0.2102999985";"3.711400032";\N;"0.4105609953";"0.946624994277954";"18.9325008392334";"3.3550000191";"26.189199447631836";"758.3699951171875";"8.087100029";"5.473000049591064";\N;\N;\N;\N;\N;\N;"-30.26000023";"5.0999999046";\N
"198";"1306";"13115";"2005-03-15";"0";"0.200000003";"26.299999237";"31.7000007629";"6.280600071";"7.0300002098";"63.200000763";"57.20000076293945";"1.6852999926";"2.3787999153";"0.6934999824";"3.3343999386";"28.431400299";"1.1351900101";"0.621541023254395";"12.4308004379272";"3.9500000477";"6.891940116882324";"122.01000213623047";"0.2771140039";"2.015000104904175";\N;\N;\N;\N;\N;\N;\N;\N;\N
"199";"1310";"13115";"2005-08-23";"0";"0.1299999952";"22.100000381";"37.2000007629";"7.0015001297";"7.6999998093";"60";"186.60000610351562";\N;"3.8231999874";\N;"4.681499958";"28.996900558";"1.3843200207";"0.97716099023819";"19.5431995391846";"3.7200000286";"10.853300094604492";"357.9200134277344";"0.8789470196";"2.45799994468689";\N;\N;\N;\N;\N;\N;"-24.87999916";"9.6099996567";\N
"200";"1306";"13116";"2005-03-15";"0";"0.200000003";"27.399999619";"31.1000003815";"5.9161000252";"7.0100002289";"66.300003052";"45";"1.8427000046";"2.3761999607";"0.5335000157";"3.282599926";"28.139600754";"0.7740790248";"0.651440978050232";"13.0288000106812";"2.7100000381";"0.35951000452041626";"47.099998474121094";"1.5586899519";"1.781999945640564";\N;\N;\N;\N;\N;\N;\N;\N;\N
"201";"1310";"13116";"2005-08-23";"0";"0.25";"24.5";"39.2000007629";"5.3085999489";"7.3099999428";"27";"31.399999618530273";"1.1717000008";"1.8427000046";"0.6710000038";"4.3235998154";"32.680801392";"0.7006940246";"0.795216023921967";"15.9042997360229";"5.0050001144";"21.311199188232422";"1116.27001953125";"54.179199219";"253.822998046875";\N;\N;\N;\N;\N;\N;"-27.72999954";"4.7100000381";\N
