"idFluxoInpe";"idCampanha";"idSitio";"dataMedida";"ch4";"batimetria";"tempAr";"tempCupula";"tempAguaSubsuperficie";"tempAguaMeio";"tempAguaFundo";"phSubsuperficie";"phMeio";"phFundo";"orpSubsuperficie";"orpMeio";"orpFundo";"condutividadeSubsuperficie";"condutividadeMeio";"condutividadeFundo";"odSubsuperficie";"odMeio";"odFundo";"tsdSubsuperficie";"tsdMeio";"tsdFundo"
"1";"401";"4001";"2011-03-22";"1.5299999714";"3";"28";\N;"24.600000381469727";"24.100000381";"24.2000007629";"6.5999999046326";"6.3000001907";"6.3000001907";"95";"114";"127";"0.010999999940395355";"0.007000000216067";"0.0070000002160668";"7.0500001907349";"7.2600002289";"7.0700001717";"0.00700000021607";"0.0049999999";"0.0049999999"
"2";"401";"4001";"2011-03-22";"7.3499999046";"3";"28";\N;"24.600000381469727";"24.100000381";"24.2000007629";"6.5999999046326";"6.3000001907";"6.3000001907";"95";"114";"127";"0.010999999940395355";"0.007000000216067";"0.0070000002160668";"7.0500001907349";"7.2600002289";"7.0700001717";"0.00700000021607";"0.0049999999";"0.0049999999"
"3";"401";"4001";"2011-03-22";"3.6800000668";"3";"28";\N;"24.600000381469727";"24.100000381";"24.2000007629";"6.5999999046326";"6.3000001907";"6.3000001907";"95";"114";"127";"0.010999999940395355";"0.007000000216067";"0.0070000002160668";"7.0500001907349";"7.2600002289";"7.0700001717";"0.00700000021607";"0.0049999999";"0.0049999999"
"4";"401";"4002";"2011-03-22";"19.100000381";"3";"26";\N;"24";\N;\N;"5";\N;\N;"231";\N;\N;"0.007000000216066837";\N;\N;"7.1199998855591";\N;\N;"0.00499999988824";\N;\N
"5";"401";"4002";"2011-03-22";"6.4299998283";"3";"26";\N;"24";\N;\N;"5";\N;\N;"231";\N;\N;"0.007000000216066837";\N;\N;"7.1199998855591";\N;\N;"0.00499999988824";\N;\N
"6";"401";"4002";"2011-03-22";"23.899999619";"3";"26";\N;"24";\N;\N;"5";\N;\N;"231";\N;\N;"0.007000000216066837";\N;\N;"7.1199998855591";\N;\N;"0.00499999988824";\N;\N
"7";"401";"4003";"2011-03-22";"21.069999695";"6";"27";\N;"23.700000762939453";"22.799999237";\N;"4";"4";\N;"318";"304";\N;"0.006000000052154064";"0.004999999888241";\N;"7.1500000953674";"7.2199997902";\N;"0.00400000018999";"0.003";\N
"8";"401";"4003";"2011-03-22";"29.030000687";"6";"27";\N;"23.700000762939453";"22.799999237";\N;"4";"4";\N;"318";"304";\N;"0.006000000052154064";"0.004999999888241";\N;"7.1500000953674";"7.2199997902";\N;"0.00400000018999";"0.003";\N
"9";"401";"4003";"2011-03-22";"39.099998474";"6";"27";\N;"23.700000762939453";"22.799999237";\N;"4";"4";\N;"318";"304";\N;"0.006000000052154064";"0.004999999888241";\N;"7.1500000953674";"7.2199997902";\N;"0.00400000018999";"0.003";\N
"10";"401";"4003";"2011-03-22";"17.950000763";"6";"27";\N;"23.700000762939453";"22.799999237";\N;"4";"4";\N;"318";"304";\N;"0.006000000052154064";"0.004999999888241";\N;"7.1500000953674";"7.2199997902";\N;"0.00400000018999";"0.003";\N
"11";"401";"4003";"2011-03-22";"29.510000229";"6";"27";\N;"23.700000762939453";"22.799999237";\N;"4";"4";\N;"318";"304";\N;"0.006000000052154064";"0.004999999888241";\N;"7.1500000953674";"7.2199997902";\N;"0.00400000018999";"0.003";\N
"12";"401";"4003";"2011-03-22";"47.150001526";"6";"27";\N;"23.700000762939453";"22.799999237";\N;"4";"4";\N;"318";"304";\N;"0.006000000052154064";"0.004999999888241";\N;"7.1500000953674";"7.2199997902";\N;"0.00400000018999";"0.003";\N
"13";"401";"4004";"2011-03-22";"37.689998627";\N;"26";\N;"23.700000762939453";"22.799999237";\N;"4";"4";\N;"318";"304";\N;"0.006000000052154064";"0.004999999888241";\N;"7.1500000953674";"7.2199997902";\N;"0.00400000018999";"0.003";\N
"14";"401";"4004";"2011-03-22";"39.009998322";\N;"26";\N;"23.700000762939453";"22.799999237";\N;"4";"4";\N;"318";"304";\N;"0.006000000052154064";"0.004999999888241";\N;"7.1500000953674";"7.2199997902";\N;"0.00400000018999";"0.003";\N
"15";"401";"4004";"2011-03-22";"51.169998169";\N;"26";\N;"23.700000762939453";"22.799999237";\N;"4";"4";\N;"318";"304";\N;"0.006000000052154064";"0.004999999888241";\N;"7.1500000953674";"7.2199997902";\N;"0.00400000018999";"0.003";\N
"16";"401";"4005";"2011-03-26";"16.530000687";"4";"24";\N;"23.700000762939453";"23.200000763";"23.2000007629";"6.5";"6.3000001907";"6.1999998093";"167";"157";"152";"0.007000000216066837";"0.006000000052154";"0.0060000000521541";"6.75";"6.9099998474";"7.0999999046";"0.00499999988824";"0.0040000002";"0.0040000002"
"17";"401";"4005";"2011-03-26";"13.529999733";"4";"24";\N;"23.700000762939453";"23.200000763";"23.2000007629";"6.5";"6.3000001907";"6.1999998093";"167";"157";"152";"0.007000000216066837";"0.006000000052154";"0.0060000000521541";"6.75";"6.9099998474";"7.0999999046";"0.00499999988824";"0.0040000002";"0.0040000002"
"18";"401";"4005";"2011-03-26";"9.7399997711";"4";"24";\N;"23.700000762939453";"23.200000763";"23.2000007629";"6.5";"6.3000001907";"6.1999998093";"167";"157";"152";"0.007000000216066837";"0.006000000052154";"0.0060000000521541";"6.75";"6.9099998474";"7.0999999046";"0.00499999988824";"0.0040000002";"0.0040000002"
"19";"401";"4005";"2011-03-26";"82.830001831";"4";"24";\N;"23.700000762939453";"23.200000763";"23.2000007629";"6.5";"6.3000001907";"6.1999998093";"167";"157";"152";"0.007000000216066837";"0.006000000052154";"0.0060000000521541";"6.75";"6.9099998474";"7.0999999046";"0.00499999988824";"0.0040000002";"0.0040000002"
"20";"401";"4005";"2011-03-26";"6.9000000954";"4";"24";\N;"23.700000762939453";"23.200000763";"23.2000007629";"6.5";"6.3000001907";"6.1999998093";"167";"157";"152";"0.007000000216066837";"0.006000000052154";"0.0060000000521541";"6.75";"6.9099998474";"7.0999999046";"0.00499999988824";"0.0040000002";"0.0040000002"
"21";"401";"4005";"2011-03-26";"13.649999619";"4";"24";\N;"23.700000762939453";"23.200000763";"23.2000007629";"6.5";"6.3000001907";"6.1999998093";"167";"157";"152";"0.007000000216066837";"0.006000000052154";"0.0060000000521541";"6.75";"6.9099998474";"7.0999999046";"0.00499999988824";"0.0040000002";"0.0040000002"
"22";"401";"4006";"2011-03-26";"8.1300001144";"5.8000001907";"26";\N;"24.299999237060547";"23.799999237";"23.7000007629";"5.5999999046326";"5.5999999046";"5.8000001907";"221";"208";"206";"0.006000000052154064";"0.004999999888241";"0.0049999998882413";"6.9499998092651";"6.4400000572";"6.6500000954";"0.00400000018999";"0.003";"0.003"
"23";"401";"4006";"2011-03-26";"8.6199998856";"5.8000001907";"26";\N;"24.299999237060547";"23.799999237";"23.7000007629";"5.5999999046326";"5.5999999046";"5.8000001907";"221";"208";"206";"0.006000000052154064";"0.004999999888241";"0.0049999998882413";"6.9499998092651";"6.4400000572";"6.6500000954";"0.00400000018999";"0.003";"0.003"
"24";"401";"4006";"2011-03-26";"13.5";"5.8000001907";"26";\N;"24.299999237060547";"23.799999237";"23.7000007629";"5.5999999046326";"5.5999999046";"5.8000001907";"221";"208";"206";"0.006000000052154064";"0.004999999888241";"0.0049999998882413";"6.9499998092651";"6.4400000572";"6.6500000954";"0.00400000018999";"0.003";"0.003"
"25";"401";"4006";"2011-03-26";"13.770000458";"5.8000001907";"26";\N;"24.299999237060547";"23.799999237";"23.7000007629";"5.5999999046326";"5.5999999046";"5.8000001907";"221";"208";"206";"0.006000000052154064";"0.004999999888241";"0.0049999998882413";"6.9499998092651";"6.4400000572";"6.6500000954";"0.00400000018999";"0.003";"0.003"
"26";"401";"4006";"2011-03-26";"24.479999542";"5.8000001907";"26";\N;"24.299999237060547";"23.799999237";"23.7000007629";"5.5999999046326";"5.5999999046";"5.8000001907";"221";"208";"206";"0.006000000052154064";"0.004999999888241";"0.0049999998882413";"6.9499998092651";"6.4400000572";"6.6500000954";"0.00400000018999";"0.003";"0.003"
"27";"401";"4006";"2011-03-26";"45.819999695";"5.8000001907";"26";\N;"24.299999237060547";"23.799999237";"23.7000007629";"5.5999999046326";"5.5999999046";"5.8000001907";"221";"208";"206";"0.006000000052154064";"0.004999999888241";"0.0049999998882413";"6.9499998092651";"6.4400000572";"6.6500000954";"0.00400000018999";"0.003";"0.003"
"28";"401";"4007";"2011-03-26";"63.720001221";"3";"28";\N;"23.799999237060547";"23.799999237";"23.7999992371";"5.6999998092651";"5.6999998093";"5.8000001907";"223";"216";"209";"0.004999999888241291";"0.00899999961257";"0.0089999996125698";"6.8800001144409";"6.6999998093";"6.6599998474";"0.00300000002608";"0.003";"0.003"
"29";"401";"4007";"2011-03-26";"30.479999542";"3";"28";\N;"23.799999237060547";"23.799999237";"23.7999992371";"5.6999998092651";"5.6999998093";"5.8000001907";"223";"216";"209";"0.004999999888241291";"0.00899999961257";"0.0089999996125698";"6.8800001144409";"6.6999998093";"6.6599998474";"0.00300000002608";"0.003";"0.003"
"30";"401";"4007";"2011-03-26";"36.919998169";"3";"28";\N;"23.799999237060547";"23.799999237";"23.7999992371";"5.6999998092651";"5.6999998093";"5.8000001907";"223";"216";"209";"0.004999999888241291";"0.00899999961257";"0.0089999996125698";"6.8800001144409";"6.6999998093";"6.6599998474";"0.00300000002608";"0.003";"0.003"
"31";"401";"4007";"2011-03-26";"23.100000381";"3";"28";\N;"23.799999237060547";"23.799999237";"23.7999992371";"5.6999998092651";"5.6999998093";"5.8000001907";"223";"216";"209";"0.004999999888241291";"0.00899999961257";"0.0089999996125698";"6.8800001144409";"6.6999998093";"6.6599998474";"0.00300000002608";"0.003";"0.003"
"32";"401";"4007";"2011-03-26";\N;"3";"28";\N;"23.799999237060547";"23.799999237";"23.7999992371";"5.6999998092651";"5.6999998093";"5.8000001907";"223";"216";"209";"0.004999999888241291";"0.00899999961257";"0.0089999996125698";"6.8800001144409";"6.6999998093";"6.6599998474";"0.00300000002608";"0.003";"0.003"
"33";"401";"4007";"2011-03-26";"19.989999771";"3";"28";\N;"23.799999237060547";"23.799999237";"23.7999992371";"5.6999998092651";"5.6999998093";"5.8000001907";"223";"216";"209";"0.004999999888241291";"0.00899999961257";"0.0089999996125698";"6.8800001144409";"6.6999998093";"6.6599998474";"0.00300000002608";"0.003";"0.003"
"34";"402";"4001";"2011-07-03";"5.0399999619";"1.5";"22";\N;"18.5";\N;"18.5";"7.3800001144409";\N;"7.1599998474";"94";\N;"110";"0.004000000189989805";\N;"0.0040000001899898";"2.4000000953674";\N;"2.4000000954";"0.00300000002608";\N;"0.003"
"35";"402";"4001";"2011-07-03";"0.8000000119";"1.5";"22";\N;"18.5";\N;"18.5";"7.3800001144409";\N;"7.1599998474";"94";\N;"110";"0.004000000189989805";\N;"0.0040000001899898";"2.4000000953674";\N;"2.4000000954";"0.00300000002608";\N;"0.003"
"36";"402";"4001";"2011-07-03";"19.299999237";"1.5";"22";\N;"18.5";\N;"18.5";"7.3800001144409";\N;"7.1599998474";"94";\N;"110";"0.004000000189989805";\N;"0.0040000001899898";"2.4000000953674";\N;"2.4000000954";"0.00300000002608";\N;"0.003"
"37";"402";"4008";"2011-07-03";"1.8300000429";"1";"20";\N;"19.360000610351562";\N;"19.5900001526";"7";\N;"7.4099998474";"129";\N;"103";"0.004000000189989805";\N;"0.0049999998882413";"0.9700000286102";\N;"1.1200000048";"0.00300000002608";\N;"0.003"
"38";"402";"4008";"2011-07-03";"10.270000458";"1";"20";\N;"19.360000610351562";\N;"19.5900001526";"7";\N;"7.4099998474";"129";\N;"103";"0.004000000189989805";\N;"0.0049999998882413";"0.9700000286102";\N;"1.1200000048";"0.00300000002608";\N;"0.003"
"39";"402";"4008";"2011-07-03";"18.450000763";"1";"20";\N;"19.360000610351562";\N;"19.5900001526";"7";\N;"7.4099998474";"129";\N;"103";"0.004000000189989805";\N;"0.0049999998882413";"0.9700000286102";\N;"1.1200000048";"0.00300000002608";\N;"0.003"
"40";"402";"4009";"2011-07-03";"52.299999237";"1";"23";\N;"17.110000610351562";\N;\N;"6.9200000762939";\N;\N;"93";\N;\N;"0.004000000189989805";\N;\N;"0.8999999761581";\N;\N;"0.00300000002608";\N;\N
"41";"402";"4009";"2011-07-03";"46.25";"1";"23";\N;"17.110000610351562";\N;\N;"6.9200000762939";\N;\N;"93";\N;\N;"0.004000000189989805";\N;\N;"0.8999999761581";\N;\N;"0.00300000002608";\N;\N
"42";"402";"4009";"2011-07-03";"66.330001831";"1";"23";\N;"17.110000610351562";\N;\N;"6.9200000762939";\N;\N;"93";\N;\N;"0.004000000189989805";\N;\N;"0.8999999761581";\N;\N;"0.00300000002608";\N;\N
"43";"402";"4009";"2011-07-03";"13.260000229";"1";"22";\N;"18.75";"18.75";\N;"6.789999961853";"6.4800000191";\N;"120";"121";\N;"0.004999999888241291";"0.00400000018999";\N;"0.9300000071526";"0.9399999976";\N;"0.00300000002608";"0.003";\N
"44";"402";"4009";"2011-07-03";"15.779999733";"1";"22";\N;"18.75";"18.75";\N;"6.789999961853";"6.4800000191";\N;"120";"121";\N;"0.004999999888241291";"0.00400000018999";\N;"0.9300000071526";"0.9399999976";\N;"0.00300000002608";"0.003";\N
"45";"402";"4010";"2011-07-03";"22.299999237";"1";"21";\N;"19.270000457763672";\N;"19.6200008392";"6.5";\N;"6.9000000954";"85";\N;"70";"0.004999999888241291";\N;"0.0049999998882413";"0.6399999856949";\N;"0.6100000143";"0.00300000002608";\N;"0.003"
"46";"402";"4010";"2011-07-03";\N;"1";"21";\N;"19.270000457763672";\N;"19.6200008392";"6.5";\N;"6.9000000954";"85";\N;"70";"0.004999999888241291";\N;"0.0049999998882413";"0.6399999856949";\N;"0.6100000143";"0.00300000002608";\N;"0.003"
"47";"402";"4010";"2011-07-03";"29.870000839";"1";"21";\N;"19.270000457763672";\N;"19.6200008392";"6.5";\N;"6.9000000954";"85";\N;"70";"0.004999999888241291";\N;"0.0049999998882413";"0.6399999856949";\N;"0.6100000143";"0.00300000002608";\N;"0.003"
"48";"402";"4011";"2011-07-05";"20.190000534";"0.5";"22";\N;"17.93000030517578";\N;\N;"6.7399997711182";\N;\N;"120";\N;\N;"0.004000000189989805";\N;\N;"1.1000000238419";\N;\N;"0.00300000002608";\N;\N
"49";"402";"4011";"2011-07-05";"30.549999237";"0.5";"22";\N;"17.93000030517578";\N;\N;"6.7399997711182";\N;\N;"120";\N;\N;"0.004000000189989805";\N;\N;"1.1000000238419";\N;\N;"0.00300000002608";\N;\N
"50";"402";"4011";"2011-07-05";"32.409999847";"0.5";"22";\N;"17.93000030517578";\N;\N;"6.7399997711182";\N;\N;"120";\N;\N;"0.004000000189989805";\N;\N;"1.1000000238419";\N;\N;"0.00300000002608";\N;\N
"51";"402";"4012";"2011-07-05";"2.4200000763";"1";"22";\N;"18.850000381469727";\N;\N;"6.9299998283386";\N;\N;"105";\N;\N;"0.004999999888241291";\N;\N;"1.289999961853";\N;\N;"0.00300000002608";\N;\N
"52";"402";"4012";"2011-07-05";"9.1300001144";"1";"22";\N;"18.850000381469727";\N;\N;"6.9299998283386";\N;\N;"105";\N;\N;"0.004999999888241291";\N;\N;"1.289999961853";\N;\N;"0.00300000002608";\N;\N
"53";"402";"4012";"2011-07-05";"4.0399999619";"1";"22";\N;"18.850000381469727";\N;\N;"6.9299998283386";\N;\N;"105";\N;\N;"0.004999999888241291";\N;\N;"1.289999961853";\N;\N;"0.00300000002608";\N;\N
"54";"402";"4013";"2011-07-05";"0.8799999952";\N;"24";\N;"18.649999618530273";\N;\N;"6.4800000190735";\N;\N;"63";\N;\N;"0.004999999888241291";\N;\N;"1.0900000333786";\N;\N;"0.00300000002608";\N;\N
"55";"402";"4013";"2011-07-05";"3.4200000763";\N;"24";\N;"18.649999618530273";\N;\N;"6.4800000190735";\N;\N;"63";\N;\N;"0.004999999888241291";\N;\N;"1.0900000333786";\N;\N;"0.00300000002608";\N;\N
"56";"402";"4013";"2011-07-05";"6.4699997902";\N;"24";\N;"18.649999618530273";\N;\N;"6.4800000190735";\N;\N;"63";\N;\N;"0.004999999888241291";\N;\N;"1.0900000333786";\N;\N;"0.00300000002608";\N;\N
"57";"402";"4006";"2011-07-05";"14.260000229";\N;"24";\N;"19.329999923706055";\N;\N;"6.1700000762939";\N;\N;"109";\N;\N;"0.004000000189989805";\N;\N;"0.7900000214577";\N;\N;"0.00300000002608";\N;\N
"58";"402";"4006";"2011-07-05";"12.600000381";\N;"24";\N;"19.329999923706055";\N;\N;"6.1700000762939";\N;\N;"109";\N;\N;"0.004000000189989805";\N;\N;"0.7900000214577";\N;\N;"0.00300000002608";\N;\N
"59";"402";"4006";"2011-07-05";"19.86000061";\N;"24";\N;"19.329999923706055";\N;\N;"6.1700000762939";\N;\N;"109";\N;\N;"0.004000000189989805";\N;\N;"0.7900000214577";\N;\N;"0.00300000002608";\N;\N
"60";"402";"4014";"2011-07-05";"19.559999466";\N;"24";\N;"19.899999618530273";\N;\N;"6.2199997901917";\N;\N;"143";\N;\N;"0.004999999888241291";\N;\N;"0.6700000166893";\N;\N;"0.00300000002608";\N;\N
"61";"402";"4014";"2011-07-05";\N;\N;"24";\N;"19.899999618530273";\N;\N;"6.2199997901917";\N;\N;"143";\N;\N;"0.004999999888241291";\N;\N;"0.6700000166893";\N;\N;"0.00300000002608";\N;\N
"62";"402";"4014";"2011-07-05";"2.0599999428";\N;"24";\N;"19.899999618530273";\N;\N;"6.2199997901917";\N;\N;"143";\N;\N;"0.004999999888241291";\N;\N;"0.6700000166893";\N;\N;"0.00300000002608";\N;\N
"63";"402";"4015";"2011-07-05";\N;\N;"24";\N;"20.18000030517578";\N;\N;"5.789999961853";\N;\N;"178";\N;\N;"0.007000000216066837";\N;\N;"0.5400000214577";\N;\N;"0.00499999988824";\N;\N
"64";"402";"4015";"2011-07-05";\N;\N;"24";\N;"20.18000030517578";\N;\N;"5.789999961853";\N;\N;"178";\N;\N;"0.007000000216066837";\N;\N;"0.5400000214577";\N;\N;"0.00499999988824";\N;\N
"65";"402";"4015";"2011-07-05";"25.11000061";\N;"24";\N;"20.18000030517578";\N;\N;"5.789999961853";\N;\N;"178";\N;\N;"0.007000000216066837";\N;\N;"0.5400000214577";\N;\N;"0.00499999988824";\N;\N
"66";"402";"4016";"2011-07-05";"13.220000267";\N;"24";\N;"22.209999084472656";\N;\N;"5.75";\N;\N;"176";\N;\N;"0.004999999888241291";\N;\N;"0.4799999892712";\N;\N;"0.00300000002608";\N;\N
"67";"402";"4016";"2011-07-05";\N;\N;"24";\N;"22.209999084472656";\N;\N;"5.75";\N;\N;"176";\N;\N;"0.004999999888241291";\N;\N;"0.4799999892712";\N;\N;"0.00300000002608";\N;\N
"68";"402";"4016";"2011-07-05";"14.699999809";\N;"24";\N;"22.209999084472656";\N;\N;"5.75";\N;\N;"176";\N;\N;"0.004999999888241291";\N;\N;"0.4799999892712";\N;\N;"0.00300000002608";\N;\N
"69";"301";"3001";"2011-05-09";"65.13999939";"7";"31";"27";"26.899999618530273";"26.299999237";"29.7000007629";"9.6000003814697";"9.5";"9.3999996185";"3";"-67";"-155";"0.008999999612569809";"0.010999999940395";"0.0149999996647239";"1.3799999952316";"0.6999999881";"0.8600000143";"0.00600000005215";"0.0070000002";"0.0099999998"
"70";"301";"3001";"2011-05-09";"51.490001678";"7";"31";"27";"26.899999618530273";"26.299999237";"29.7000007629";"9.6000003814697";"9.5";"9.3999996185";"3";"-67";"-155";"0.008999999612569809";"0.010999999940395";"0.0149999996647239";"1.3799999952316";"0.6999999881";"0.8600000143";"0.00600000005215";"0.0070000002";"0.0099999998"
"71";"301";"3001";"2011-05-09";"125.25";"7";"31";"27";"26.899999618530273";"26.299999237";"29.7000007629";"9.6000003814697";"9.5";"9.3999996185";"3";"-67";"-155";"0.008999999612569809";"0.010999999940395";"0.0149999996647239";"1.3799999952316";"0.6999999881";"0.8600000143";"0.00600000005215";"0.0070000002";"0.0099999998"
"72";"301";"3002";"2011-05-09";\N;\N;"31";"26";"27.100000381469727";\N;\N;"5.8000001907349";\N;\N;"105";\N;\N;"0.07500000298023224";\N;\N;"5.4000000953674";\N;\N;"0.04500000178814";\N;\N
"73";"301";"3002";"2011-05-09";"674.51000977";\N;"31";"26";"27.100000381469727";\N;\N;"5.8000001907349";\N;\N;"105";\N;\N;"0.07500000298023224";\N;\N;"5.4000000953674";\N;\N;"0.04500000178814";\N;\N
"74";"301";"3002";"2011-05-09";"1";\N;"31";"26";"27.100000381469727";\N;\N;"5.8000001907349";\N;\N;"105";\N;\N;"0.07500000298023224";\N;\N;"5.4000000953674";\N;\N;"0.04500000178814";\N;\N
"75";"301";"3003";"2011-05-09";"10.069999695";"6.5";"30";"26";"27.799999237060547";"27.299999237";"27.2000007629";"8";"7.9000000954";"7.5";"30";"34";"54";"0.07800000160932541";"0.076999999582767";"0.0769999995827675";"3.1400001049042";"3.6300001144";"3.9000000954";"0.05099999904633";"0.0500000007";"0.0500000007"
"76";"301";"3003";"2011-05-09";"9.2100000381";"6.5";"30";"26";"27.799999237060547";"27.299999237";"27.2000007629";"8";"7.9000000954";"7.5";"30";"34";"54";"0.07800000160932541";"0.076999999582767";"0.0769999995827675";"3.1400001049042";"3.6300001144";"3.9000000954";"0.05099999904633";"0.0500000007";"0.0500000007"
"77";"301";"3003";"2011-05-09";"7.8400001526";"6.5";"30";"26";"27.799999237060547";"27.299999237";"27.2000007629";"8";"7.9000000954";"7.5";"30";"34";"54";"0.07800000160932541";"0.076999999582767";"0.0769999995827675";"3.1400001049042";"3.6300001144";"3.9000000954";"0.05099999904633";"0.0500000007";"0.0500000007"
"78";"301";"3004";"2011-05-10";"6";"3";"30";"24";"26.799999237060547";"26.700000763";"26.7000007629";"5.5";"5.9200000763";"6.1300001144";"-16";"-30";"-26";"0.07100000232458115";"0.071999996900558";"0.0719999969005585";"2.9000000953674";"3.2000000477";"3.3399999142";"0.04500000178814";"0.0469999984";"0.0469999984"
"79";"301";"3004";"2011-05-10";"173.08000183";"3";"30";"24";"26.799999237060547";"26.700000763";"26.7000007629";"5.5";"5.9200000763";"6.1300001144";"-16";"-30";"-26";"0.07100000232458115";"0.071999996900558";"0.0719999969005585";"2.9000000953674";"3.2000000477";"3.3399999142";"0.04500000178814";"0.0469999984";"0.0469999984"
"80";"301";"3004";"2011-05-10";"138.82000732";"3";"30";"24";"26.799999237060547";"26.700000763";"26.7000007629";"5.5";"5.9200000763";"6.1300001144";"-16";"-30";"-26";"0.07100000232458115";"0.071999996900558";"0.0719999969005585";"2.9000000953674";"3.2000000477";"3.3399999142";"0.04500000178814";"0.0469999984";"0.0469999984"
"81";"301";"3005";"2011-05-10";"5.6100001335";"9";"31";"26";"28.5";"27.600000381";"26.7999992371";"4.4200000762939";"4.2399997711";"4.1599998474";"46";"23";"-29";"0.00800000037997961";"0.012000000104308";"0.0199999995529652";"1.5";"0.8500000238";"0.3199999928";"0.00499999988824";"0.0080000004";"0.0130000003"
"82";"301";"3005";"2011-05-10";"14.010000229";"9";"31";"26";"28.5";"27.600000381";"26.7999992371";"4.4200000762939";"4.2399997711";"4.1599998474";"46";"23";"-29";"0.00800000037997961";"0.012000000104308";"0.0199999995529652";"1.5";"0.8500000238";"0.3199999928";"0.00499999988824";"0.0080000004";"0.0130000003"
"83";"301";"3005";"2011-05-10";"7.4600000381";"9";"31";"26";"28.5";"27.600000381";"26.7999992371";"4.4200000762939";"4.2399997711";"4.1599998474";"46";"23";"-29";"0.00800000037997961";"0.012000000104308";"0.0199999995529652";"1.5";"0.8500000238";"0.3199999928";"0.00499999988824";"0.0080000004";"0.0130000003"
"84";"301";"3006";"2011-05-10";"2.9900000095";\N;"29";"26";"26.899999618530273";\N;"26.7999992371";"3.5";\N;"6";"221";\N;"84";"0.0729999989271164";\N;"0.0729999989271164";"2.8599998950958";\N;"3.2599999905";"0.04800000041723";\N;"0.0480000004"
"85";"301";"3006";"2011-05-10";\N;\N;"29";"26";"26.899999618530273";\N;"26.7999992371";"3.5";\N;"6";"221";\N;"84";"0.0729999989271164";\N;"0.0729999989271164";"2.8599998950958";\N;"3.2599999905";"0.04800000041723";\N;"0.0480000004"
"86";"301";"3006";"2011-05-10";"12";\N;"29";"26";"26.899999618530273";\N;"26.7999992371";"3.5";\N;"6";"221";\N;"84";"0.0729999989271164";\N;"0.0729999989271164";"2.8599998950958";\N;"3.2599999905";"0.04800000041723";\N;"0.0480000004"
"87";"301";"3007";"2011-05-10";"851.30999756";\N;"28";"20";"26.899999618530273";\N;"26.7999992371";"6";\N;"6.9000000954";"136";\N;"93";"0.0729999989271164";\N;"0.0729999989271164";"3";\N;"2.7599999905";"0.04699999839067";\N;"0.0469999984"
"88";"301";"3007";"2011-05-10";"885.47998047";\N;"28";"20";"26.899999618530273";\N;"26.7999992371";"6";\N;"6.9000000954";"136";\N;"93";"0.0729999989271164";\N;"0.0729999989271164";"3";\N;"2.7599999905";"0.04699999839067";\N;"0.0469999984"
"89";"301";"3007";"2011-05-10";"3";\N;"28";"20";"26.899999618530273";\N;"26.7999992371";"6";\N;"6.9000000954";"136";\N;"93";"0.0729999989271164";\N;"0.0729999989271164";"3";\N;"2.7599999905";"0.04699999839067";\N;"0.0469999984"
"90";"301";"3008";"2011-05-11";"6.3499999046";"2.5";"28";\N;"26.899999618530273";\N;"26.8999996185";"6.8400001525879";\N;"6.6399998665";"101";\N;"115";"0.014999999664723873";\N;"0.0149999996647239";"2.2400000095367";\N;"2.6700000763";"0.00999999977648";\N;"0.0099999998"
"91";"301";"3008";"2011-05-11";\N;"2.5";"28";\N;"26.899999618530273";\N;"26.8999996185";"6.8400001525879";\N;"6.6399998665";"101";\N;"115";"0.014999999664723873";\N;"0.0149999996647239";"2.2400000095367";\N;"2.6700000763";"0.00999999977648";\N;"0.0099999998"
"92";"301";"3008";"2011-05-11";"11.010000229";"2.5";"28";\N;"26.899999618530273";\N;"26.8999996185";"6.8400001525879";\N;"6.6399998665";"101";\N;"115";"0.014999999664723873";\N;"0.0149999996647239";"2.2400000095367";\N;"2.6700000763";"0.00999999977648";\N;"0.0099999998"
"93";"301";"3009";"2011-05-11";"23.659999847";"2";"27";\N;"26.600000381469727";\N;"26.7000007629";"7.3899998664856";\N;"6.6399998665";"76";\N;"126";"0.0729999989271164";\N;"0.0729999989271164";"2.0899999141693";\N;"2.7300000191";"0.04800000041723";\N;"0.0469999984"
"94";"301";"3009";"2011-05-11";"11.359999657";"2";"27";\N;"26.600000381469727";\N;"26.7000007629";"7.3899998664856";\N;"6.6399998665";"76";\N;"126";"0.0729999989271164";\N;"0.0729999989271164";"2.0899999141693";\N;"2.7300000191";"0.04800000041723";\N;"0.0469999984"
"95";"301";"3009";"2011-05-11";"252.38000488";"2";"27";\N;"26.600000381469727";\N;"26.7000007629";"7.3899998664856";\N;"6.6399998665";"76";\N;"126";"0.0729999989271164";\N;"0.0729999989271164";"2.0899999141693";\N;"2.7300000191";"0.04800000041723";\N;"0.0469999984"
"96";"301";"3010";"2011-05-11";"17.299999237";\N;"28";"24";"26.799999237060547";\N;"26.7999992371";"7.3000001907349";\N;"6.8899998665";"75";\N;"101";"0.0689999982714653";\N;"0.0700000002980232";"2.1099998950958";\N;"2.4500000477";"0.04500000178814";\N;"0.0450000018"
"97";"301";"3010";"2011-05-11";"958.02001953";\N;"28";"24";"26.799999237060547";\N;"26.7999992371";"7.3000001907349";\N;"6.8899998665";"75";\N;"101";"0.0689999982714653";\N;"0.0700000002980232";"2.1099998950958";\N;"2.4500000477";"0.04500000178814";\N;"0.0450000018"
"98";"301";"3010";"2011-05-11";"278.1000061";\N;"28";"24";"26.799999237060547";\N;"26.7999992371";"7.3000001907349";\N;"6.8899998665";"75";\N;"101";"0.0689999982714653";\N;"0.0700000002980232";"2.1099998950958";\N;"2.4500000477";"0.04500000178814";\N;"0.0450000018"
"99";"301";"3011";"2011-05-12";"662.58001709";"2";"29";"21";"26.700000762939453";\N;\N;"7.3299999237061";\N;\N;"60";\N;\N;"0.07400000095367432";\N;\N;"2.6500000953674";\N;\N;"0.04800000041723";\N;\N
"100";"301";"3011";"2011-05-12";"28.909999847";"2";"29";"21";"26.700000762939453";\N;\N;"7.3299999237061";\N;\N;"60";\N;\N;"0.07400000095367432";\N;\N;"2.6500000953674";\N;\N;"0.04800000041723";\N;\N
"101";"301";"3011";"2011-05-12";"69.959999084";"2";"29";"21";"26.700000762939453";\N;\N;"7.3299999237061";\N;\N;"60";\N;\N;"0.07400000095367432";\N;\N;"2.6500000953674";\N;\N;"0.04800000041723";\N;\N
"102";"301";"3012";"2011-05-12";"502.33999634";"2";"29";\N;"26.799999237060547";\N;"26.7999992371";"7.3600001335144";\N;"6.9699997902";"70";\N;"101";"0.07400000095367432";\N;"0.0740000009536743";"1.9500000476837";\N;"2.4000000954";"0.04800000041723";\N;"0.0480000004"
"103";"301";"3012";"2011-05-12";"54.310001373";"2";"29";\N;"26.799999237060547";\N;"26.7999992371";"7.3600001335144";\N;"6.9699997902";"70";\N;"101";"0.07400000095367432";\N;"0.0740000009536743";"1.9500000476837";\N;"2.4000000954";"0.04800000041723";\N;"0.0480000004"
"104";"301";"3012";"2011-05-12";"616.42999268";"2";"29";\N;"26.799999237060547";\N;"26.7999992371";"7.3600001335144";\N;"6.9699997902";"70";\N;"101";"0.07400000095367432";\N;"0.0740000009536743";"1.9500000476837";\N;"2.4000000954";"0.04800000041723";\N;"0.0480000004"
"105";"501";"5001";"2011-05-23";\N;\N;"22";\N;"25.299999237060547";"25.100000381";"25";"8.1199998855591";"8.1199998856";"7.9499998093";"85";"89";"105";"0.05400000140070915";"0.054000001400709";"0.0540000014007092";"8.3199996948242";"8.25";"8.220000267";"0.03500000014901";"0.0350000001";"0.0350000001"
"106";"501";"5001";"2011-05-23";"5.0100002289";\N;"22";\N;"25.299999237060547";"25.100000381";"25";"8.1199998855591";"8.1199998856";"7.9499998093";"85";"89";"105";"0.05400000140070915";"0.054000001400709";"0.0540000014007092";"8.3199996948242";"8.25";"8.220000267";"0.03500000014901";"0.0350000001";"0.0350000001"
"107";"501";"5001";"2011-05-23";\N;\N;"22";\N;"25.299999237060547";"25.100000381";"25";"8.1199998855591";"8.1199998856";"7.9499998093";"85";"89";"105";"0.05400000140070915";"0.054000001400709";"0.0540000014007092";"8.3199996948242";"8.25";"8.220000267";"0.03500000014901";"0.0350000001";"0.0350000001"
"108";"501";"5001";"2011-05-23";"2.6300001144";\N;"22";\N;"25.299999237060547";"25.100000381";"25";"8.1199998855591";"8.1199998856";"7.9499998093";"85";"89";"105";"0.05400000140070915";"0.054000001400709";"0.0540000014007092";"8.3199996948242";"8.25";"8.220000267";"0.03500000014901";"0.0350000001";"0.0350000001"
"109";"501";"5002";"2011-05-23";"1.2200000286";"8";"24";\N;"25.65999984741211";"25.049999237";"25.0100002289";"8.5900001525879";"8.3900003433";"8.2100000381";"23";"34";"35";"0.05700000002980232";"0.056000001728535";"0.0560000017285347";"8.5699996948242";"8.6599998474";"8.6599998474";"0.03700000047684";"0.0359999985";"0.0359999985"
"110";"501";"5002";"2011-05-23";\N;"8";"24";\N;"25.65999984741211";"25.049999237";"25.0100002289";"8.5900001525879";"8.3900003433";"8.2100000381";"23";"34";"35";"0.05700000002980232";"0.056000001728535";"0.0560000017285347";"8.5699996948242";"8.6599998474";"8.6599998474";"0.03700000047684";"0.0359999985";"0.0359999985"
"111";"501";"5002";"2011-05-23";"6.3299999237";"8";"24";\N;"25.65999984741211";"25.049999237";"25.0100002289";"8.5900001525879";"8.3900003433";"8.2100000381";"23";"34";"35";"0.05700000002980232";"0.056000001728535";"0.0560000017285347";"8.5699996948242";"8.6599998474";"8.6599998474";"0.03700000047684";"0.0359999985";"0.0359999985"
"112";"501";"5003";"2011-05-23";"3.3099999428";\N;"25";\N;"25.68000030517578";"25.069999695";"25.0599994659";"8.6700000762939";"8.529999733";"8.5200004578";"24";"32";"31";"0.054999999701976776";"0.054000001400709";"0.0540000014007092";"8.3800001144409";"8.3699998856";"8.3500003815";"0.03599999845028";"0.0350000001";"0.0350000001"
"113";"501";"5003";"2011-05-23";"6.1700000763";\N;"25";\N;"25.68000030517578";"25.069999695";"25.0599994659";"8.6700000762939";"8.529999733";"8.5200004578";"24";"32";"31";"0.054999999701976776";"0.054000001400709";"0.0540000014007092";"8.3800001144409";"8.3699998856";"8.3500003815";"0.03599999845028";"0.0350000001";"0.0350000001"
"114";"501";"5003";"2011-05-23";"7.0399999619";\N;"25";\N;"25.68000030517578";"25.069999695";"25.0599994659";"8.6700000762939";"8.529999733";"8.5200004578";"24";"32";"31";"0.054999999701976776";"0.054000001400709";"0.0540000014007092";"8.3800001144409";"8.3699998856";"8.3500003815";"0.03599999845028";"0.0350000001";"0.0350000001"
"115";"501";"5004";"2011-05-23";"3.9800000191";\N;"25";\N;"26.110000610351562";"25";"24.9799995422";"7.4899997711182";"7.6500000954";"8.1999998093";"98";"89";"55";"0.0560000017285347";"0.054999999701977";"0.0549999997019768";"8.210000038147";"8.3699998856";"8.3599996567";"0.03700000047684";"0.0359999985";"0.0359999985"
"116";"501";"5004";"2011-05-23";\N;\N;"25";\N;"26.110000610351562";"25";"24.9799995422";"7.4899997711182";"7.6500000954";"8.1999998093";"98";"89";"55";"0.0560000017285347";"0.054999999701977";"0.0549999997019768";"8.210000038147";"8.3699998856";"8.3599996567";"0.03700000047684";"0.0359999985";"0.0359999985"
"117";"501";"5004";"2011-05-23";\N;\N;"25";\N;"26.110000610351562";"25";"24.9799995422";"7.4899997711182";"7.6500000954";"8.1999998093";"98";"89";"55";"0.0560000017285347";"0.054999999701977";"0.0549999997019768";"8.210000038147";"8.3699998856";"8.3599996567";"0.03700000047684";"0.0359999985";"0.0359999985"
"118";"501";"5005";"2011-05-24";"1.0499999523";\N;"23";\N;"25.299999237060547";"25.159999847";"25.0900001526";"7.25";"7.1100001335";"7.5199999809";"101";"111";"84";"0.054999999701976776";"0.054999999701977";"0.0549999997019768";"8.0799999237061";"8";"8.1300001144";"0.03599999845028";"0.0359999985";"0.0359999985"
"119";"501";"5005";"2011-05-24";\N;\N;"23";\N;"25.299999237060547";"25.159999847";"25.0900001526";"7.25";"7.1100001335";"7.5199999809";"101";"111";"84";"0.054999999701976776";"0.054999999701977";"0.0549999997019768";"8.0799999237061";"8";"8.1300001144";"0.03599999845028";"0.0359999985";"0.0359999985"
"120";"501";"5006";"2011-05-24";"6.7899999619";\N;"23";\N;"25.989999771118164";"25.180000305";"25.1800003052";"7.2399997711182";"7.1199998856";"7.1199998856";"111";"118";"115";"0.0560000017285347";"0.054999999701977";"0.0549999997019768";"7.8800001144409";"7.9699997902";"7.8200001717";"0.03599999845028";"0.0359999985";"0.0359999985"
"121";"501";"5007";"2011-05-24";\N;\N;\N;\N;"25.239999771118164";\N;\N;"6.2699999809265";\N;\N;"158";\N;\N;"0.054999999701976776";\N;\N;"7.7399997711182";\N;\N;"0.03500000014901";\N;\N
"122";"501";"5007";"2011-05-24";"3.6600000858";\N;\N;\N;"25.239999771118164";\N;\N;"6.2699999809265";\N;\N;"158";\N;\N;"0.054999999701976776";\N;\N;"7.7399997711182";\N;\N;"0.03500000014901";\N;\N
"123";"501";"5007";"2011-05-24";"1.8899999857";\N;\N;\N;"25.239999771118164";\N;\N;"6.2699999809265";\N;\N;"158";\N;\N;"0.054999999701976776";\N;\N;"7.7399997711182";\N;\N;"0.03500000014901";\N;\N
"124";"501";"5008";"2011-05-24";"7.8699998856";"1";\N;\N;"25.139999389648438";\N;"25.1299991608";"7.5599999427795";\N;"7.3600001335";"79";\N;"89";"0.05000000074505806";\N;"0.0500000007450581";"7.3299999237061";\N;"7.3200001717";"0.03200000151992";\N;"0.0320000015"
"125";"501";"5008";"2011-05-24";"1.1399999857";"1";\N;\N;"25.139999389648438";\N;"25.1299991608";"7.5599999427795";\N;"7.3600001335";"79";\N;"89";"0.05000000074505806";\N;"0.0500000007450581";"7.3299999237061";\N;"7.3200001717";"0.03200000151992";\N;"0.0320000015"
"126";"501";"5008";"2011-05-24";"54.590000153";"1";\N;\N;"25.139999389648438";\N;"25.1299991608";"7.5599999427795";\N;"7.3600001335";"79";\N;"89";"0.05000000074505806";\N;"0.0500000007450581";"7.3299999237061";\N;"7.3200001717";"0.03200000151992";\N;"0.0320000015"
"127";"501";"5009";"2011-05-24";"207.8500061";\N;\N;\N;"24.809999465942383";\N;\N;"7.0100002288818";\N;\N;"117";\N;\N;"0.04899999871850014";\N;\N;"7.3099999427795";\N;\N;"0.03200000151992";\N;\N
"128";"501";"5009";"2011-05-24";"117.38999939";\N;\N;\N;"24.809999465942383";\N;\N;"7.0100002288818";\N;\N;"117";\N;\N;"0.04899999871850014";\N;\N;"7.3099999427795";\N;\N;"0.03200000151992";\N;\N
"129";"501";"5009";"2011-05-24";"382.1000061";\N;\N;\N;"24.809999465942383";\N;\N;"7.0100002288818";\N;\N;"117";\N;\N;"0.04899999871850014";\N;\N;"7.3099999427795";\N;\N;"0.03200000151992";\N;\N
"130";"501";"5010";"2011-05-25";"3.7799999714";"35";"23";\N;"24.719999313354492";"24.63999939";"24.4799995422";"7.1599998474121";"7.1599998474";"8.2899999619";"117";"118";"52";"0.05299999937415123";"0.052000001072884";"0.0529999993741512";"7.9000000953674";"8.1199998856";"8.1199998856";"0.03400000184774";"0.0340000018";"0.0340000018"
"131";"501";"5010";"2011-05-25";"15.539999962";"35";"23";\N;"24.719999313354492";"24.63999939";"24.4799995422";"7.1599998474121";"7.1599998474";"8.2899999619";"117";"118";"52";"0.05299999937415123";"0.052000001072884";"0.0529999993741512";"7.9000000953674";"8.1199998856";"8.1199998856";"0.03400000184774";"0.0340000018";"0.0340000018"
"132";"501";"5010";"2011-05-25";"5.4400000572";"35";"23";\N;"24.719999313354492";"24.63999939";"24.4799995422";"7.1599998474121";"7.1599998474";"8.2899999619";"117";"118";"52";"0.05299999937415123";"0.052000001072884";"0.0529999993741512";"7.9000000953674";"8.1199998856";"8.1199998856";"0.03400000184774";"0.0340000018";"0.0340000018"
"133";"501";"5011";"2011-05-25";\N;"20";"25";\N;"25.219999313354492";"24.829999924";"24.8400001526";"7.0599999427795";"7.0700001717";"6.9299998283";"121";"120";"127";"0.05700000002980232";"0.056000001728535";"0.0560000017285347";"8.0299997329712";"8.0500001907";"7.9800000191";"0.03700000047684";"0.0370000005";"0.0370000005"
"134";"501";"5011";"2011-05-25";"1.7200000286";"20";"25";\N;"25.219999313354492";"24.829999924";"24.8400001526";"7.0599999427795";"7.0700001717";"6.9299998283";"121";"120";"127";"0.05700000002980232";"0.056000001728535";"0.0560000017285347";"8.0299997329712";"8.0500001907";"7.9800000191";"0.03700000047684";"0.0370000005";"0.0370000005"
"135";"501";"5011";"2011-05-25";"6.3600001335";"20";"25";\N;"25.219999313354492";"24.829999924";"24.8400001526";"7.0599999427795";"7.0700001717";"6.9299998283";"121";"120";"127";"0.05700000002980232";"0.056000001728535";"0.0560000017285347";"8.0299997329712";"8.0500001907";"7.9800000191";"0.03700000047684";"0.0370000005";"0.0370000005"
"136";"501";"5012";"2011-05-25";"0.7900000215";\N;"26";\N;"25.489999771118164";"24.530000687";"24.4099998474";"7.2399997711182";"7.1300001144";"7.1799998283";"83";"80";"102";"0.05700000002980232";"0.056000001728535";"0.0549999997019768";"8.1400003433228";"8.1099996567";"7.9000000954";"0.03599999845028";"0.0359999985";"0.0359999985"
"137";"501";"5012";"2011-05-25";"5.1700000763";\N;"26";\N;"25.489999771118164";"24.530000687";"24.4099998474";"7.2399997711182";"7.1300001144";"7.1799998283";"83";"80";"102";"0.05700000002980232";"0.056000001728535";"0.0549999997019768";"8.1400003433228";"8.1099996567";"7.9000000954";"0.03599999845028";"0.0359999985";"0.0359999985"
"138";"501";"5012";"2011-05-25";\N;\N;"26";\N;"25.489999771118164";"24.530000687";"24.4099998474";"7.2399997711182";"7.1300001144";"7.1799998283";"83";"80";"102";"0.05700000002980232";"0.056000001728535";"0.0549999997019768";"8.1400003433228";"8.1099996567";"7.9000000954";"0.03599999845028";"0.0359999985";"0.0359999985"
"139";"501";"5013";"2011-05-26";\N;"25";"24";\N;"24.850000381469727";"24.680000305";"24.4899997711";"7.4200000762939";"7.4099998474";"6.8899998665";"92";"92";"118";"0.05700000002980232";"0.057000000029802";"0.0570000000298023";"8.0200004577637";"8.1300001144";"7.9600000381";"0.03700000047684";"0.0370000005";"0.0370000005"
"140";"501";"5013";"2011-05-26";\N;"25";"24";\N;"24.850000381469727";"24.680000305";"24.4899997711";"7.4200000762939";"7.4099998474";"6.8899998665";"92";"92";"118";"0.05700000002980232";"0.057000000029802";"0.0570000000298023";"8.0200004577637";"8.1300001144";"7.9600000381";"0.03700000047684";"0.0370000005";"0.0370000005"
"141";"501";"5013";"2011-05-26";\N;"25";"24";\N;"24.850000381469727";"24.680000305";"24.4899997711";"7.4200000762939";"7.4099998474";"6.8899998665";"92";"92";"118";"0.05700000002980232";"0.057000000029802";"0.0570000000298023";"8.0200004577637";"8.1300001144";"7.9600000381";"0.03700000047684";"0.0370000005";"0.0370000005"
"142";"501";"5013";"2011-05-26";"5.4499998093";"25";"24";\N;"24.850000381469727";"24.680000305";"24.4899997711";"7.4200000762939";"7.4099998474";"6.8899998665";"92";"92";"118";"0.05700000002980232";"0.057000000029802";"0.0570000000298023";"8.0200004577637";"8.1300001144";"7.9600000381";"0.03700000047684";"0.0370000005";"0.0370000005"
"143";"501";"5013";"2011-05-26";\N;"25";"24";\N;"24.850000381469727";"24.680000305";"24.4899997711";"7.4200000762939";"7.4099998474";"6.8899998665";"92";"92";"118";"0.05700000002980232";"0.057000000029802";"0.0570000000298023";"8.0200004577637";"8.1300001144";"7.9600000381";"0.03700000047684";"0.0370000005";"0.0370000005"
"144";"501";"5014";"2011-05-26";"2.2300000191";"19";"28";\N;"25.420000076293945";"24.600000381";"24.5400009155";"7.2300000190735";"7.1399998665";"7.4600000381";"108";"114";"94";"0.05700000002980232";"0.056000001728535";"0.0560000017285347";"7.7399997711182";"7.7899999619";"7.6399998665";"0.03700000047684";"0.0359999985";"0.0359999985"
"145";"501";"5014";"2011-05-26";"1.7100000381";"19";"28";\N;"25.420000076293945";"24.600000381";"24.5400009155";"7.2300000190735";"7.1399998665";"7.4600000381";"108";"114";"94";"0.05700000002980232";"0.056000001728535";"0.0560000017285347";"7.7399997711182";"7.7899999619";"7.6399998665";"0.03700000047684";"0.0359999985";"0.0359999985"
"146";"501";"5014";"2011-05-26";"9.220000267";"19";"28";\N;"25.420000076293945";"24.600000381";"24.5400009155";"7.2300000190735";"7.1399998665";"7.4600000381";"108";"114";"94";"0.05700000002980232";"0.056000001728535";"0.0560000017285347";"7.7399997711182";"7.7899999619";"7.6399998665";"0.03700000047684";"0.0359999985";"0.0359999985"
"147";"501";"5015";"2011-05-26";"6.6399998665";"7.5";"29";\N;"25.3799991607666";"24.38999939";"24.2800006866";"7.3899998664856";"7.1900000572";"7.2199997902";"98";"109";"104";"0.05400000140070915";"0.052999999374151";"0.0529999993741512";"7.9299998283386";"7.8899998665";"7.8099999428";"0.03500000014901";"0.0340000018";"0.0340000018"
"148";"501";"5015";"2011-05-26";\N;"7.5";"29";\N;"25.3799991607666";"24.38999939";"24.2800006866";"7.3899998664856";"7.1900000572";"7.2199997902";"98";"109";"104";"0.05400000140070915";"0.052999999374151";"0.0529999993741512";"7.9299998283386";"7.8899998665";"7.8099999428";"0.03500000014901";"0.0340000018";"0.0340000018"
"149";"501";"5015";"2011-05-26";"4.1799998283";"7.5";"29";\N;"25.3799991607666";"24.38999939";"24.2800006866";"7.3899998664856";"7.1900000572";"7.2199997902";"98";"109";"104";"0.05400000140070915";"0.052999999374151";"0.0529999993741512";"7.9299998283386";"7.8899998665";"7.8099999428";"0.03500000014901";"0.0340000018";"0.0340000018"
"150";"501";"5016";"2011-05-27";"1";"18";"27";\N;"25.110000610351562";"24.239999771";"24.1800003052";"7.8899998664856";"8.0799999237";"8.4600000381";"60";"44";"15";"0.05900000035762787";"0.05799999833107";"0.0579999983310699";"8.039999961853";"8.1400003433";"8.0699996948";"0.03900000080466";"0.0379999988";"0.0379999988"
"151";"501";"5016";"2011-05-27";"1.6699999571";"18";"27";\N;"25.110000610351562";"24.239999771";"24.1800003052";"7.8899998664856";"8.0799999237";"8.4600000381";"60";"44";"15";"0.05900000035762787";"0.05799999833107";"0.0579999983310699";"8.039999961853";"8.1400003433";"8.0699996948";"0.03900000080466";"0.0379999988";"0.0379999988"
"152";"501";"5016";"2011-05-27";"3.5099999905";"18";"27";\N;"25.110000610351562";"24.239999771";"24.1800003052";"7.8899998664856";"8.0799999237";"8.4600000381";"60";"44";"15";"0.05900000035762787";"0.05799999833107";"0.0579999983310699";"8.039999961853";"8.1400003433";"8.0699996948";"0.03900000080466";"0.0379999988";"0.0379999988"
"153";"501";"5017";"2011-05-27";\N;"25";"28";\N;"24.81999969482422";"24.469999313";"24.5";"6.710000038147";"6.5199999809";"6.4899997711";"136";"146";"145";"0.05900000035762787";"0.05799999833107";"0.0579999983310699";"7.7300000190735";"7.7899999619";"7.7100000381";"0.0379999987781";"0.0379999988";"0.0379999988"
"154";"501";"5017";"2011-05-27";\N;"25";"28";\N;"24.81999969482422";"24.469999313";"24.5";"6.710000038147";"6.5199999809";"6.4899997711";"136";"146";"145";"0.05900000035762787";"0.05799999833107";"0.0579999983310699";"7.7300000190735";"7.7899999619";"7.7100000381";"0.0379999987781";"0.0379999988";"0.0379999988"
"155";"501";"5017";"2011-05-27";"2.9700000286";"25";"28";\N;"24.81999969482422";"24.469999313";"24.5";"6.710000038147";"6.5199999809";"6.4899997711";"136";"146";"145";"0.05900000035762787";"0.05799999833107";"0.0579999983310699";"7.7300000190735";"7.7899999619";"7.7100000381";"0.0379999987781";"0.0379999988";"0.0379999988"
"156";"501";"5018";"2011-05-27";"2.8199999332";"9";"29";\N;"26.030000686645508";"24.5";"24.5699996948";"6.8400001525879";"6.5100002289";"6.3800001144";"134";"155";"162";"0.05999999865889549";"0.05799999833107";"0.0579999983310699";"7.5799999237061";"7.6799998283";"7.5399999619";"0.03900000080466";"0.0379999988";"0.0379999988"
"157";"501";"5018";"2011-05-27";"5.5900001526";"9";"29";\N;"26.030000686645508";"24.5";"24.5699996948";"6.8400001525879";"6.5100002289";"6.3800001144";"134";"155";"162";"0.05999999865889549";"0.05799999833107";"0.0579999983310699";"7.5799999237061";"7.6799998283";"7.5399999619";"0.03900000080466";"0.0379999988";"0.0379999988"
"158";"501";"5018";"2011-05-27";\N;"9";"29";\N;"26.030000686645508";"24.5";"24.5699996948";"6.8400001525879";"6.5100002289";"6.3800001144";"134";"155";"162";"0.05999999865889549";"0.05799999833107";"0.0579999983310699";"7.5799999237061";"7.6799998283";"7.5399999619";"0.03900000080466";"0.0379999988";"0.0379999988"
"159";"501";"5019";"2011-05-27";"4.9099998474";"25";"29";\N;"25.31999969482422";"24.489999771";"24.3299999237";"6.5999999046326";"6.3600001335";"6.3099999428";"153";"166";"168";"0.05999999865889549";"0.059000000357628";"0.0590000003576279";"7.6900000572205";"7.6999998093";"7.5700001717";"0.03900000080466";"0.0379999988";"0.0379999988"
"160";"501";"5019";"2011-05-27";\N;"25";"29";\N;"25.31999969482422";"24.489999771";"24.3299999237";"6.5999999046326";"6.3600001335";"6.3099999428";"153";"166";"168";"0.05999999865889549";"0.059000000357628";"0.0590000003576279";"7.6900000572205";"7.6999998093";"7.5700001717";"0.03900000080466";"0.0379999988";"0.0379999988"
"161";"801";"8001";"2011-06-28";\N;"70";"20";\N;"26.190000534057617";"26.149999619";"26.1499996185";"7.8699998855591";"7.7399997711";"6.7899999619";"84";"89";"142";"0.09200000017881393";"0.092000000178814";"0.0920000001788139";"9.0299997329712";"8.4300003052";"8.7600002289";"0.0599999986589";"0.0599999987";"0.0599999987"
"162";"801";"8001";"2011-06-28";"2.5599999428";"70";"20";\N;"26.190000534057617";"26.149999619";"26.1499996185";"7.8699998855591";"7.7399997711";"6.7899999619";"84";"89";"142";"0.09200000017881393";"0.092000000178814";"0.0930000022053719";"9.0299997329712";"8.4300003052";"8.7600002289";"0.0599999986589";"0.0599999987";"0.0599999987"
"163";"801";"8001";"2011-06-28";"1.6900000572";"70";"20";\N;"26.190000534057617";"26.149999619";"26.1499996185";"7.8699998855591";"7.7399997711";"6.7899999619";"84";"89";"142";"0.09200000017881393";"0.092000000178814";"0.0939999967813492";"9.0299997329712";"8.4300003052";"8.7600002289";"0.0599999986589";"0.0599999987";"0.0599999987"
"164";"801";"8002";"2011-06-28";"1.7699999809";"85";"33";\N;"26.1200008392334";"26.11000061";"26.0599994659";"8.1099996566772";"7.9699997902";"7.8400001526";"78";"84";"87";"0.09000000357627869";"0.090000003576279";"0.0900000035762787";"6.75";"7.1799998283";"7.2600002289";"0.05799999833107";"0.0579999983";"0.0579999983"
"165";"801";"8002";"2011-06-28";"5.4800000191";"85";"33";\N;"26.1200008392334";"26.11000061";"26.0599994659";"8.1099996566772";"7.9699997902";"7.8400001526";"78";"84";"87";"0.09000000357627869";"0.090000003576279";"0.0900000035762787";"6.75";"7.1799998283";"7.2600002289";"0.05799999833107";"0.0579999983";"0.0579999983"
"166";"801";"8002";"2011-06-28";"10.270000458";"85";"33";\N;"26.1200008392334";"26.11000061";"26.0599994659";"8.1099996566772";"7.9699997902";"7.8400001526";"78";"84";"87";"0.09000000357627869";"0.090000003576279";"0.0900000035762787";"6.75";"7.1799998283";"7.2600002289";"0.05799999833107";"0.0579999983";"0.0579999983"
"167";"801";"8003";"2011-06-28";\N;"60";"32";\N;"26.510000228881836";"26.260000229";"26.2199993134";"8";"7.9299998283";"7.8499999046";"86";"88";"80";"0.08399999886751175";"0.082999996840954";"0.0829999968409538";"6.8200001716614";"7.2600002289";"7.2199997902";"0.05499999970198";"0.0540000014";"0.0540000014"
"168";"801";"8003";"2011-06-28";"4.0599999428";"60";"32";\N;"26.510000228881836";"26.260000229";"26.2199993134";"8";"7.9299998283";"7.8499999046";"86";"88";"80";"0.08399999886751175";"0.082999996840954";"0.0829999968409538";"6.8200001716614";"7.2600002289";"7.2199997902";"0.05499999970198";"0.0540000014";"0.0540000014"
"169";"801";"8003";"2011-06-28";"4.9800000191";"60";"32";\N;"26.510000228881836";"26.260000229";"26.2199993134";"8";"7.9299998283";"7.8499999046";"86";"88";"80";"0.08399999886751175";"0.082999996840954";"0.0829999968409538";"6.8200001716614";"7.2600002289";"7.2199997902";"0.05499999970198";"0.0540000014";"0.0540000014"
"170";"801";"8004";"2011-06-28";"1.3500000238";"50";"31";\N;"27.030000686645508";"26.049999237";"26.0900001526";"7.960000038147";"7.8099999428";"7.8600001335";"65";"68";"59";"0.09200000017881393";"0.090000003576279";"0.0900000035762787";"6.5799999237061";"6.8400001526";"6.6900000572";"0.0599999986589";"0.0579999983";"0.0579999983"
"171";"801";"8004";"2011-06-28";"4.2800002098";"50";"31";\N;"27.030000686645508";"26.049999237";"26.0900001526";"7.960000038147";"7.8099999428";"7.8600001335";"65";"68";"59";"0.09200000017881393";"0.090000003576279";"0.0900000035762787";"6.5799999237061";"6.8400001526";"6.6900000572";"0.0599999986589";"0.0579999983";"0.0579999983"
"172";"801";"8004";"2011-06-28";\N;"50";"31";\N;"27.030000686645508";"26.049999237";"26.0900001526";"7.960000038147";"7.8099999428";"7.8600001335";"65";"68";"59";"0.09200000017881393";"0.090000003576279";"0.0900000035762787";"6.5799999237061";"6.8400001526";"6.6900000572";"0.0599999986589";"0.0579999983";"0.0579999983"
"173";"801";"8004";"2011-06-28";"4.0900001526";"25";"29";\N;"26.90999984741211";"26.010000229";"25.6599998474";"7.539999961853";"7.5599999428";"7.6599998474";"87";"82";"73";"0.07900000363588333";"0.076999999582767";"0.0769999995827675";"6.289999961853";"6.3699998856";"6.3699998856";"0.05099999904633";"0.0500000007";"0.0500000007"
"174";"801";"8004";"2011-06-28";"3.9100000858";"25";"29";\N;"26.90999984741211";"26.010000229";"25.6599998474";"7.539999961853";"7.5599999428";"7.6599998474";"87";"82";"73";"0.07900000363588333";"0.076999999582767";"0.0769999995827675";"6.289999961853";"6.3699998856";"6.3699998856";"0.05099999904633";"0.0500000007";"0.0500000007"
"175";"801";"8004";"2011-06-28";"4.5799999237";"25";"29";\N;"26.90999984741211";"26.010000229";"25.6599998474";"7.539999961853";"7.5599999428";"7.6599998474";"87";"82";"73";"0.07900000363588333";"0.076999999582767";"0.0769999995827675";"6.289999961853";"6.3699998856";"6.3699998856";"0.05099999904633";"0.0500000007";"0.0500000007"
"176";"801";"8005";"2011-06-29";"2.4700000286";"70";"27";\N;"26.020000457763672";"25.870000839";"25.7999992371";"7.5300002098083";"7.3099999428";"7.2699999809";"116";"124";"124";"0.08900000154972076";"0.089000001549721";"0.0879999995231628";"7.5999999046326";"6.9400000572";"6.9200000763";"0.05799999833107";"0.0579999983";"0.0579999983"
"177";"801";"8005";"2011-06-29";"2.3499999046";"70";"27";\N;"26.020000457763672";"25.870000839";"25.7999992371";"7.5300002098083";"7.3099999428";"7.2699999809";"116";"124";"124";"0.08900000154972076";"0.089000001549721";"0.0879999995231628";"7.5999999046326";"6.9400000572";"6.9200000763";"0.05799999833107";"0.0579999983";"0.0579999983"
"178";"801";"8005";"2011-06-29";"0.6899999976";"70";"27";\N;"26.020000457763672";"25.870000839";"25.7999992371";"7.5300002098083";"7.3099999428";"7.2699999809";"116";"124";"124";"0.08900000154972076";"0.089000001549721";"0.0879999995231628";"7.5999999046326";"6.9400000572";"6.9200000763";"0.05799999833107";"0.0579999983";"0.0579999983"
"179";"801";"8006";"2011-06-29";"3.2300000191";"50";"28";\N;"26.770000457763672";"25.870000839";"25.8400001526";"7.789999961853";"7.6300001144";"7.5300002098";"109";"113";"116";"0.09600000083446503";"0.094999998807907";"0.096000000834465";"6.789999961853";"6.9499998093";"6.8600001335";"0.06300000101328";"0.061999999";"0.061999999"
"180";"801";"8006";"2011-06-29";\N;"50";"28";\N;"26.770000457763672";"25.870000839";"25.8400001526";"7.789999961853";"7.6300001144";"7.5300002098";"109";"113";"116";"0.09600000083446503";"0.094999998807907";"0.096000000834465";"6.789999961853";"6.9499998093";"6.8600001335";"0.06300000101328";"0.061999999";"0.063000001"
"181";"801";"8006";"2011-06-29";"12.829999924";"50";"28";\N;"26.770000457763672";"25.870000839";"25.8400001526";"7.789999961853";"7.6300001144";"7.5300002098";"109";"113";"116";"0.09600000083446503";"0.094999998807907";"0.096000000834465";"6.789999961853";"6.9499998093";"6.8600001335";"0.06300000101328";"0.061999999";"0.0649999976"
"182";"801";"8007";"2011-06-29";\N;"58";"30";\N;"26.959999084472656";"26";"25.9599990845";"7.710000038147";"7.4899997711";"7.4699997902";"111";"119";"118";"0.09399999678134918";"0.092000000178814";"0.090999998152256";"6.5999999046326";"6.9000000954";"6.7899999619";"0.06100000068545";"0.0599999987";"0.0590000004"
"183";"801";"8007";"2011-06-29";"1.9099999666";"58";"30";\N;"26.959999084472656";"26";"25.9599990845";"7.710000038147";"7.4899997711";"7.4699997902";"111";"119";"118";"0.09399999678134918";"0.092000000178814";"0.090999998152256";"6.5999999046326";"6.9000000954";"6.7899999619";"0.06100000068545";"0.0599999987";"0.0590000004"
"184";"801";"8007";"2011-06-29";\N;"58";"30";\N;"26.959999084472656";"26";"25.9599990845";"7.710000038147";"7.4899997711";"7.4699997902";"111";"119";"118";"0.09399999678134918";"0.092000000178814";"0.090999998152256";"6.5999999046326";"6.9000000954";"6.7899999619";"0.06100000068545";"0.0599999987";"0.0590000004"
"185";"801";"8008";"2011-06-29";"1.7899999619";"70";"30";\N;"26.969999313354492";"25.989999771";"26.0200004578";"7.6999998092651";"7.6100001335";"7.5799999237";"105";"107";"107";"0.09399999678134918";"0.092000000178814";"0.0920000001788139";"6.6100001335144";"6.8200001717";"6.75";"0.06100000068545";"0.0599999987";"0.0599999987"
"186";"801";"8008";"2011-06-29";"2.0299999714";"70";"30";\N;"26.969999313354492";"25.989999771";"26.0200004578";"7.6999998092651";"7.6100001335";"7.5799999237";"105";"107";"107";"0.09399999678134918";"0.092000000178814";"0.0920000001788139";"6.6100001335144";"6.8200001717";"6.75";"0.06100000068545";"0.0599999987";"0.0599999987"
"187";"801";"8008";"2011-06-29";\N;"70";"30";\N;"26.969999313354492";"25.989999771";"26.0200004578";"7.6999998092651";"7.6100001335";"7.5799999237";"105";"107";"107";"0.09399999678134918";"0.092000000178814";"0.0920000001788139";"6.6100001335144";"6.8200001717";"6.75";"0.06100000068545";"0.0599999987";"0.0599999987"
"188";"801";"8009";"2011-06-30";"2.0099999905";"30";"27";\N;"26.030000686645508";"25.799999237";"25.7700004578";"7.2699999809265";"7.0399999619";"7.1500000954";"122";"132";"122";"0.07500000298023224";"0.075000002980232";"0.0750000029802322";"6.4699997901917";"6.7800002098";"6.6799998283";"0.0489999987185";"0.0489999987";"0.0489999987"
"189";"801";"8009";"2011-06-30";"3.5299999714";"30";"27";\N;"26.030000686645508";"25.799999237";"25.7700004578";"7.2699999809265";"7.0399999619";"7.1500000954";"122";"132";"122";"0.07500000298023224";"0.075000002980232";"0.0750000029802322";"6.4699997901917";"6.7800002098";"6.6799998283";"0.0489999987185";"0.0489999987";"0.0489999987"
"190";"801";"8009";"2011-06-30";"4.9800000191";"30";"27";\N;"26.030000686645508";"25.799999237";"25.7700004578";"7.2699999809265";"7.0399999619";"7.1500000954";"122";"132";"122";"0.07500000298023224";"0.075000002980232";"0.0750000029802322";"6.4699997901917";"6.7800002098";"6.6799998283";"0.0489999987185";"0.0489999987";"0.0489999987"
"191";"801";"8010";"2011-06-30";"3.6900000572";"10";"30";\N;"26.100000381469727";"25.899999619";"25.9500007629";"7.539999961853";"7.3699998856";"7.4899997711";"101";"108";"99";"0.07800000160932541";"0.078000001609325";"0.0780000016093254";"6.4699997901917";"6.4499998093";"6.3600001335";"0.05099999904633";"0.050999999";"0.050999999"
"192";"801";"8010";"2011-06-30";"1.1200000048";"10";"30";\N;"26.100000381469727";"25.899999619";"25.9500007629";"7.539999961853";"7.3699998856";"7.4899997711";"101";"108";"99";"0.07800000160932541";"0.078000001609325";"0.0780000016093254";"6.4699997901917";"6.4499998093";"6.3600001335";"0.05099999904633";"0.050999999";"0.050999999"
"193";"801";"8010";"2011-06-30";"7.7699999809";"10";"30";\N;"26.100000381469727";"25.899999619";"25.9500007629";"7.539999961853";"7.3699998856";"7.4899997711";"101";"108";"99";"0.07800000160932541";"0.078000001609325";"0.0780000016093254";"6.4699997901917";"6.4499998093";"6.3600001335";"0.05099999904633";"0.050999999";"0.050999999"
"194";"801";"8011";"2011-06-30";"6.8499999046";"10";"30";\N;"26.15999984741211";"25.790000916";"25.7700004578";"7.4400000572205";"7.3899998665";"7.3600001335";"129";"134";"136";"0.08100000023841858";"0.079999998211861";"0.0799999982118607";"6.710000038147";"6.8800001144";"6.8200001717";"0.05299999937415";"0.0520000011";"0.0520000011"
"195";"801";"8011";"2011-06-30";"3.4800000191";"10";"30";\N;"26.15999984741211";"25.790000916";"25.7700004578";"7.4400000572205";"7.3899998665";"7.3600001335";"129";"134";"136";"0.08100000023841858";"0.079999998211861";"0.0799999982118607";"6.710000038147";"6.8800001144";"6.8200001717";"0.05299999937415";"0.0520000011";"0.0520000011"
"196";"801";"8011";"2011-06-30";"4.7399997711";"10";"30";\N;"26.15999984741211";"25.790000916";"25.7700004578";"7.4400000572205";"7.3899998665";"7.3600001335";"129";"134";"136";"0.08100000023841858";"0.079999998211861";"0.0799999982118607";"6.710000038147";"6.8800001144";"6.8200001717";"0.05299999937415";"0.0520000011";"0.0520000011"
"197";"901";"9001";"2011-06-07";\N;"45";"30";\N;"29.969999313354492";"29.649999619";"29.4699993134";"7.6199998855591";"7.4899997711";"6.6300001144";"83";"88";"131";"0.04100000113248825";"0.03999999910593";"0.0399999991059303";"6.5500001907349";"6.6999998093";"6.8400001526";"0.02600000053644";"0.0260000005";"0.0260000005"
"198";"901";"9001";"2011-06-07";"1.2999999523";"45";"30";\N;"29.969999313354492";"29.649999619";"29.4699993134";"7.6199998855591";"7.4899997711";"6.6300001144";"83";"88";"131";"0.04100000113248825";"0.03999999910593";"0.0399999991059303";"6.5500001907349";"6.6999998093";"6.8400001526";"0.02600000053644";"0.0260000005";"0.0260000005"
"199";"901";"9001";"2011-06-07";"2.7100000381";"45";"30";\N;"29.969999313354492";"29.649999619";"29.4699993134";"7.6199998855591";"7.4899997711";"6.6300001144";"83";"88";"131";"0.04100000113248825";"0.03999999910593";"0.0399999991059303";"6.5500001907349";"6.6999998093";"6.8400001526";"0.02600000053644";"0.0260000005";"0.0260000005"
"200";"901";"9002";"2011-06-07";"1.4199999571";"70";"35";\N;"30.3799991607666";"29.879999161";"29.4400005341";"7.75";"7.6100001335";"7.6900000572";"94";"107";"102";"0.041999999433755875";"0.041000001132488";"0.0410000011324883";"6.4200000762939";"6.3600001335";"6.2600002289";"0.02700000070035";"0.0260000005";"0.0270000007"
"201";"901";"9002";"2011-06-07";"49.180000305";"70";"35";\N;"30.3799991607666";"29.879999161";"29.4400005341";"7.75";"7.6100001335";"7.6900000572";"94";"107";"102";"0.041999999433755875";"0.041000001132488";"0.0410000011324883";"6.4200000762939";"6.3600001335";"6.2600002289";"0.02700000070035";"0.0260000005";"0.0270000007"
"202";"901";"9002";"2011-06-07";"2.1500000954";"70";"35";\N;"30.3799991607666";"29.879999161";"29.4400005341";"7.75";"7.6100001335";"7.6900000572";"94";"107";"102";"0.041999999433755875";"0.041000001132488";"0.0410000011324883";"6.4200000762939";"6.3600001335";"6.2600002289";"0.02700000070035";"0.0260000005";"0.0270000007"
"203";"901";"9003";"2011-06-07";"6.5799999237";"20";"31";\N;"31.639999389648438";"30.649999619";"30";"7.0100002288818";"6.7699999809";"6.5399999619";"96";"103";"112";"0.04500000178813934";"0.043999999761581";"0.0430000014603138";"6.3499999046326";"6.4400000572";"5.8800001144";"0.02899999916553";"0.0289999992";"0.0280000009"
"204";"901";"9003";"2011-06-07";"39.520000458";"20";"31";\N;"31.639999389648438";"30.649999619";"30";"7.0100002288818";"6.7699999809";"6.5399999619";"96";"103";"112";"0.04500000178813934";"0.043999999761581";"0.0430000014603138";"6.3499999046326";"6.4400000572";"5.8800001144";"0.02899999916553";"0.0289999992";"0.0280000009"
"205";"901";"9003";"2011-06-07";"9.4799995422";"20";"31";\N;"31.639999389648438";"30.649999619";"30";"7.0100002288818";"6.7699999809";"6.5399999619";"96";"103";"112";"0.04500000178813934";"0.043999999761581";"0.0430000014603138";"6.3499999046326";"6.4400000572";"5.8800001144";"0.02899999916553";"0.0289999992";"0.0280000009"
"206";"901";"9004";"2011-06-07";"3.6099998951";"30";"32";\N;"31.790000915527344";"30.440000534";"29.7600002289";"7.0599999427795";"6.8000001907";"6.6100001335";"132";"145";"157";"0.04399999976158142";"0.041999999433756";"0.0410000011324883";"6.5599999427795";"6.7300000191";"6.6599998474";"0.02899999916553";"0.0260000005";"0.0270000007"
"207";"901";"9004";"2011-06-07";"2.8299999237";"30";"32";\N;"31.790000915527344";"30.440000534";"29.7600002289";"7.0599999427795";"6.8000001907";"6.6100001335";"132";"145";"157";"0.04399999976158142";"0.041999999433756";"0.0410000011324883";"6.5599999427795";"6.7300000191";"6.6599998474";"0.02899999916553";"0.0260000005";"0.0270000007"
"208";"901";"9004";"2011-06-07";"3.8599998951";"30";"32";\N;"31.790000915527344";"30.440000534";"29.7600002289";"7.0599999427795";"6.8000001907";"6.6100001335";"132";"145";"157";"0.04399999976158142";"0.041999999433756";"0.0410000011324883";"6.5599999427795";"6.7300000191";"6.6599998474";"0.02899999916553";"0.0260000005";"0.0270000007"
"209";"901";"9005";"2011-06-08";"2.7200000286";"13";"27";\N;"29.030000686645508";"29.020000458";"29";"7.5799999237061";"7.5599999428";"7.5999999046";"72";"72";"67";"0.04100000113248825";"0.041000001132488";"0.0410000011324883";"6.210000038147";"6.2699999809";"6.2199997902";"0.02700000070035";"0.0270000007";"0.0270000007"
"210";"901";"9005";"2011-06-08";"1.6399999857";"13";"27";\N;"29.030000686645508";"29.020000458";"29";"7.5799999237061";"7.5599999428";"7.5999999046";"72";"72";"67";"0.04100000113248825";"0.041000001132488";"0.0410000011324883";"6.210000038147";"6.2699999809";"6.2199997902";"0.02700000070035";"0.0270000007";"0.0270000007"
"211";"901";"9005";"2011-06-08";"8.3900003433";"13";"27";\N;"29.030000686645508";"29.020000458";"29";"7.5799999237061";"7.5599999428";"7.5999999046";"72";"72";"67";"0.04100000113248825";"0.041000001132488";"0.0410000011324883";"6.210000038147";"6.2699999809";"6.2199997902";"0.02700000070035";"0.0270000007";"0.0270000007"
"212";"901";"9005";"2011-06-08";"2.9200000763";"13";"27";\N;"29.030000686645508";"29.020000458";"29";"7.5799999237061";"7.5599999428";"7.5999999046";"72";"72";"67";"0.04100000113248825";"0.041000001132488";"0.0410000011324883";"6.210000038147";"6.2699999809";"6.2199997902";"0.02700000070035";"0.0270000007";"0.0270000007"
"213";"901";"9006";"2011-06-08";"4.8499999046";"9";"34";\N;"29.68000030517578";"29.63999939";"29.6700000763";"7.1599998474121";"7.0700001717";"6.9600000381";"122";"124";"126";"0.04699999839067459";"0.046999998390675";"0.0469999983906746";"6.2300000190735";"6.2399997711";"6.2399997711";"0.03099999949336";"0.0309999995";"0.0299999993"
"214";"901";"9006";"2011-06-08";"4.7300000191";"9";"34";\N;"29.68000030517578";"29.63999939";"29.6700000763";"7.1599998474121";"7.0700001717";"6.9600000381";"122";"124";"126";"0.04699999839067459";"0.046999998390675";"0.0469999983906746";"6.2300000190735";"6.2399997711";"6.2399997711";"0.03099999949336";"0.0309999995";"0.0299999993"
"215";"901";"9006";"2011-06-08";\N;"9";"34";\N;"29.68000030517578";"29.63999939";"29.6700000763";"7.1599998474121";"7.0700001717";"6.9600000381";"122";"124";"126";"0.04699999839067459";"0.046999998390675";"0.0469999983906746";"6.2300000190735";"6.2399997711";"6.2399997711";"0.03099999949336";"0.0309999995";"0.0299999993"
"216";"901";"9007";"2011-06-09";"3.1600000858";"40";"31";\N;"30.360000610351562";"30.170000076";"29.1900005341";"8.6700000762939";"8.6000003815";"8.6599998474";"36";"38";"33";"0.0430000014603138";"0.043000001460314";"0.0419999994337559";"6.1799998283386";"6.2600002289";"6.25";"0.02800000086427";"0.0280000009";"0.0270000007"
"217";"901";"9007";"2011-06-09";"4.7800002098";"40";"31";\N;"30.360000610351562";"30.170000076";"29.1900005341";"8.6700000762939";"8.6000003815";"8.6599998474";"36";"38";"33";"0.0430000014603138";"0.043000001460314";"0.0419999994337559";"6.1799998283386";"6.2600002289";"6.25";"0.02800000086427";"0.0280000009";"0.0270000007"
"218";"901";"9007";"2011-06-09";"3.7799999714";"40";"31";\N;"30.360000610351562";"30.170000076";"29.1900005341";"8.6700000762939";"8.6000003815";"8.6599998474";"36";"38";"33";"0.0430000014603138";"0.043000001460314";"0.0419999994337559";"6.1799998283386";"6.2600002289";"6.25";"0.02800000086427";"0.0280000009";"0.0270000007"
"219";"901";"9008";"2011-06-09";"14.350000381";"25";"32";\N;"31.25";"30.809999466";"30.4799995422";"6.710000038147";"6.3800001144";"6.3699998856";"160";"179";"180";"0.04399999976158142";"0.043000001460314";"0.0430000014603138";"6.1300001144409";"6.1799998283";"6.0900001526";"0.02800000086427";"0.0280000009";"0.0280000009"
"220";"901";"9008";"2011-06-09";"2.7000000477";"25";"32";\N;"31.25";"30.809999466";"30.4799995422";"6.710000038147";"6.3800001144";"6.3699998856";"160";"179";"180";"0.04399999976158142";"0.043000001460314";"0.0430000014603138";"6.1300001144409";"6.1799998283";"6.0900001526";"0.02800000086427";"0.0280000009";"0.0280000009"
"221";"901";"9008";"2011-06-09";"21.540000916";"25";"32";\N;"31.25";"30.809999466";"30.4799995422";"6.710000038147";"6.3800001144";"6.3699998856";"160";"179";"180";"0.04399999976158142";"0.043000001460314";"0.0430000014603138";"6.1300001144409";"6.1799998283";"6.0900001526";"0.02800000086427";"0.0280000009";"0.0280000009"
"222";"901";"9009";"2011-06-09";"3.4200000763";"26";"32";\N;"31.389999389648438";"29.840000153";"29.2000007629";"6.7699999809265";"6.4699997902";"6.4400000572";"135";"147";"141";"0.041999999433755875";"0.03999999910593";"0.0399999991059303";"6.1100001335144";"6.1300001144";"5.8800001144";"0.02700000070035";"0.0270000007";"0.0260000005"
"223";"901";"9009";"2011-06-09";"1.8999999762";"26";"32";\N;"31.389999389648438";"29.840000153";"29.2000007629";"6.7699999809265";"6.4699997902";"6.4400000572";"135";"147";"141";"0.041999999433755875";"0.03999999910593";"0.0399999991059303";"6.1100001335144";"6.1300001144";"5.8800001144";"0.02700000070035";"0.0270000007";"0.0260000005"
"224";"901";"9009";"2011-06-09";"2.5399999619";"26";"32";\N;"31.389999389648438";"29.840000153";"29.2000007629";"6.7699999809265";"6.4699997902";"6.4400000572";"135";"147";"141";"0.041999999433755875";"0.03999999910593";"0.0399999991059303";"6.1100001335144";"6.1300001144";"5.8800001144";"0.02700000070035";"0.0270000007";"0.0260000005"
"225";"901";"9010";"2011-06-09";"3.5899999142";"23";"34";\N;"32.40999984741211";"29.88999939";"29.5300006866";"6.9099998474121";"6.4000000954";"6.3000001907";"136";"156";"158";"0.04800000041723251";"0.046000000089407";"0.0450000017881393";"5.9899997711182";"6.0199999809";"5.9600000381";"0.03099999949336";"0.0299999993";"0.0289999992"
"226";"901";"9010";"2011-06-09";"3.2400000095";"23";"34";\N;"32.40999984741211";"29.88999939";"29.5300006866";"6.9099998474121";"6.4000000954";"6.3000001907";"136";"156";"158";"0.04800000041723251";"0.046000000089407";"0.0450000017881393";"5.9899997711182";"6.0199999809";"5.9600000381";"0.03099999949336";"0.0299999993";"0.0289999992"
"227";"901";"9010";"2011-06-09";"12.970000267";"23";"34";\N;"32.40999984741211";"29.88999939";"29.5300006866";"6.9099998474121";"6.4000000954";"6.3000001907";"136";"156";"158";"0.04800000041723251";"0.046000000089407";"0.0450000017881393";"5.9899997711182";"6.0199999809";"5.9600000381";"0.03099999949336";"0.0299999993";"0.0289999992"
